<?xml version="1.0" ?><map><entry><string>macros</string><list></list></entry><entry><string>configuration</string><set><org.openremote.modeler.shared.dto.ControllerConfigDTO><oid>21314</oid><category>advance</category><name>multicast.port</name><value>3333</value><hint>multicast port for listening to the iPhone auto discovery</hint><validation>\d+</validation><options></options></org.openremote.modeler.shared.dto.ControllerConfigDTO><org.openremote.modeler.shared.dto.ControllerConfigDTO><oid>21299</oid><category>lutron_homeworks</category><name>lutron_homeworks.address</name><value>192.168.1.1</value><hint>Address of the Lutron HomeWorks processor, to be filled in only of autodiscovery is not desired.</hint><validation>(?:(?:25[0-5]|2[0-4][0-9]|[01]?[0-9][0-9]?)\.){3}(?:25[0-5]|2[0-4][0-9]|[01]?[0-9][0-9]?)</validation><options></options></org.openremote.modeler.shared.dto.ControllerConfigDTO><org.openremote.modeler.shared.dto.ControllerConfigDTO><oid>21319</oid><category>lutron_homeworks</category><name>lutron_homeworks.port</name><value>23</value><hint>Telnet port of the Lutron HomeWorks processor, to be filled in only of autodiscovery is not desired.</hint><validation>\d+</validation><options></options></org.openremote.modeler.shared.dto.ControllerConfigDTO><org.openremote.modeler.shared.dto.ControllerConfigDTO><oid>21322</oid><category>amx_ni</category><name>amx_ni.address</name><value>192.168.1.1</value><hint>Address of the AMX NI processor, mandatory.</hint><validation>(?:(?:25[0-5]|2[0-4][0-9]|[01]?[0-9][0-9]?)\.){3}(?:25[0-5]|2[0-4][0-9]|[01]?[0-9][0-9]?)</validation><options></options></org.openremote.modeler.shared.dto.ControllerConfigDTO><org.openremote.modeler.shared.dto.ControllerConfigDTO><oid>21309</oid><category>infrared</category><name>irsend.path</name><value>/usr/local/bin/irsend</value><hint>The following properties are relevant if you are using infrared integration via Linux LIRC project. Otherwise ignore them. Path to LIRC irsend command. Configure this to match the location of your LIRC binary.</hint><validation>.+</validation><options></options></org.openremote.modeler.shared.dto.ControllerConfigDTO><org.openremote.modeler.shared.dto.ControllerConfigDTO><oid>21303</oid><category>amx_ni</category><name>amx_ni.port</name><value>50000</value><hint>TCP port the AMX module is listening on, mandatory.</hint><validation>\d+</validation><options></options></org.openremote.modeler.shared.dto.ControllerConfigDTO><org.openremote.modeler.shared.dto.ControllerConfigDTO><oid>21305</oid><category>z-wave</category><name>zwave.commLayer</name><value></value><hint>Choose either PAD or RXTX depending on your communication layer to use.</hint><validation>.+</validation><options>PAD,RXTX</options></org.openremote.modeler.shared.dto.ControllerConfigDTO><org.openremote.modeler.shared.dto.ControllerConfigDTO><oid>21300</oid><category>z-wave</category><name>protocol.zwave.classname</name><value>org.openremote.controller.protocol.zwave.ZWaveCommandBuilder</value><hint>Z-Wave CommandBuilder class. This entry should not be changed.</hint><validation>.+</validation><options></options></org.openremote.modeler.shared.dto.ControllerConfigDTO><org.openremote.modeler.shared.dto.ControllerConfigDTO><oid>21298</oid><category>z-wave</category><name>zwave.pad.host</name><value>localhost</value><hint>If PAD is used for communication this defines the host/ip of the machine the PAD daemon is running on.</hint><validation>.+</validation><options></options></org.openremote.modeler.shared.dto.ControllerConfigDTO><org.openremote.modeler.shared.dto.ControllerConfigDTO><oid>21297</oid><category>infrared</category><name>lircd.conf.path</name><value>/etc/lircd.conf</value><hint>Default path to lircd.conf (IR commands)</hint><validation>.+</validation><options></options></org.openremote.modeler.shared.dto.ControllerConfigDTO><org.openremote.modeler.shared.dto.ControllerConfigDTO><oid>21306</oid><category>roundrobin</category><name>controller.groupname</name><value>floor20</value><hint>This identifies which group this controller is in.</hint><validation>.+</validation><options></options></org.openremote.modeler.shared.dto.ControllerConfigDTO><org.openremote.modeler.shared.dto.ControllerConfigDTO><oid>21304</oid><category>infrared</category><name>copy.lircd.conf.on</name><value>true</value><hint>If true, controller will copy a deployed lircd.conf to lircd.conf.path of the user TODO : This is disruptive to the user's system. The additional remotes deployed to OR controller should be concatenated to the end of an existing lircd.conf file.</hint><validation>.+</validation><options></options></org.openremote.modeler.shared.dto.ControllerConfigDTO><org.openremote.modeler.shared.dto.ControllerConfigDTO><oid>21310</oid><category>security</category><name>resource.upload.enable</name><value>true</value><hint>If deploying the controller to public network, always disable (set to 'false') this resource upload feature. This is a convenience feature for home users for easy deployment of the controller in cases where all users of the network are trusted, or the controller is still being configured and tested. Even home users should consider disabling this feature once they're happy and want to lock down the configuration of the controller. When this feature is disabled, copy all the controller configuration files manually to a directory pointed by the 'resource.path' property below. Access to this directory in the filesystem should be properly secured with access restrictions.</hint><validation>.+</validation><options>true,false</options></org.openremote.modeler.shared.dto.ControllerConfigDTO><org.openremote.modeler.shared.dto.ControllerConfigDTO><oid>21302</oid><category>lutron_homeworks</category><name>lutron_homeworks.password</name><value>openremote</value><hint>Password used for connection to Lutron HomeWorks processor, as defined on Link 9 in HomeWorks configuration.</hint><validation>.+</validation><options></options></org.openremote.modeler.shared.dto.ControllerConfigDTO><org.openremote.modeler.shared.dto.ControllerConfigDTO><oid>21308</oid><category>discovery</category><name>webapp.port</name><value>8688</value><hint>This is the port number the controller returns on a panel discovery request. It *must* match the port number configured on the hosting web container. If you change your web container port, change this port value to match or the panel auto-discovery will not work correctly. TODO: This is a duplicate configuration to the web container and should be consolidated. It should only be necessary to define the port number in one location. This may mean wrapping the web container with a proper service container.</hint><validation>.+</validation><options></options></org.openremote.modeler.shared.dto.ControllerConfigDTO><org.openremote.modeler.shared.dto.ControllerConfigDTO><oid>21301</oid><category>lutron_homeworks</category><name>lutron_homeworks.username</name><value>openremote</value><hint>User name used for connection to Lutron HomeWorks processor, as defined on Link 9 in HomeWorks configuration.</hint><validation>.+</validation><options></options></org.openremote.modeler.shared.dto.ControllerConfigDTO><org.openremote.modeler.shared.dto.ControllerConfigDTO><oid>21295</oid><category>Domintell</category><name>domintell.address</name><value>192.168.1.1</value><hint>Address of the DETH02 interface used to connect to the Domintell system, mandatory.</hint><validation>(?:(?:25[0-5]|2[0-4][0-9]|[01]?[0-9][0-9]?)\.){3}(?:25[0-5]|2[0-4][0-9]|[01]?[0-9][0-9]?)</validation><options></options></org.openremote.modeler.shared.dto.ControllerConfigDTO><org.openremote.modeler.shared.dto.ControllerConfigDTO><oid>21321</oid><category>advance</category><name>multicast.address</name><value>224.0.1.100</value><hint>multicast address for listening to the iPhone auto discovery</hint><validation>((25[0-5]|2[0-4]\d|1?\d?\d)\.){3}(25[0-5]|2[0-4]\d|1?\d?\d)</validation><options></options></org.openremote.modeler.shared.dto.ControllerConfigDTO><org.openremote.modeler.shared.dto.ControllerConfigDTO><oid>21307</oid><category>roundrobin</category><name>controller.roundrobin.multicast.port</name><value>10000</value><hint>Multicast port for roundrobin NOTE: This option is useful only on the situation of "controller.roundrobin.on" is true.</hint><validation>\d+</validation><options></options></org.openremote.modeler.shared.dto.ControllerConfigDTO><org.openremote.modeler.shared.dto.ControllerConfigDTO><oid>21312</oid><category>roundrobin</category><name>controller.roundrobin.tcpserver.port</name><value>20000</value><hint>Round robin tcpserver socket port of Controller</hint><validation>\d+</validation><options></options></org.openremote.modeler.shared.dto.ControllerConfigDTO><org.openremote.modeler.shared.dto.ControllerConfigDTO><oid>21315</oid><category>advance</category><name>controller.applicationname</name><value>controller</value><hint>controller app name</hint><validation>.+</validation><options></options></org.openremote.modeler.shared.dto.ControllerConfigDTO><org.openremote.modeler.shared.dto.ControllerConfigDTO><oid>21318</oid><category>roundrobin</category><name>controller.groupmember.autodetect.on</name><value>true</value><hint>Specify whether auto-detect group member function is turned on (true/false). If it's false, the controller will get the groupmembers from the key named "controller.groupmember.candidate.urls" of current configuration file. If it's true, controller will auto-detect its groupmembers with multicast.</hint><validation>.+</validation><options>true,false</options></org.openremote.modeler.shared.dto.ControllerConfigDTO><org.openremote.modeler.shared.dto.ControllerConfigDTO><oid>21320</oid><category>roundrobin</category><name>controller.roundrobin.multicast.address</name><value>224.0.1.200</value><hint>Multicast address for roundrobin NOTE: This option is useful only on the situation of "controller.roundrobin.on" is true.</hint><validation>((25[0-5]|2[0-4]\d|1?\d?\d)\.){3}(25[0-5]|2[0-4]\d|1?\d?\d)</validation><options></options></org.openremote.modeler.shared.dto.ControllerConfigDTO><org.openremote.modeler.shared.dto.ControllerConfigDTO><oid>21313</oid><category>rules</category><name>rules.editor</name><value>package org.openremote.controller.protocol

global org.openremote.controller.statuscache.CommandFacade execute;
global org.openremote.controller.statuscache.SwitchFacade switches;

rule "RGB To 3 Channels" when

  $evt:Event( source == "RGB_Status", $val : value)

then

  String valStr = $val.toString();
  
  if (valStr != null &amp;&amp; valStr.length() == 6) {
  
	  // Split colour into RGB
	  String rStr = valStr.substring(0,2);
	  String gStr = valStr.substring(2,4);
	  String bStr = valStr.substring(4,6);
	  
	  // Convert hex values to int
	  Integer r = Integer.parseInt(rStr, 16);
	  Integer g = Integer.parseInt(gStr, 16);
	  Integer b = Integer.parseInt(bStr, 16);

	  // Convert 0-255 value to 0-100
	  r = (int)Math.round(((double)r / 255d) * 100);
	  g = (int)Math.round(((double)g / 255d) * 100);
	  b = (int)Math.round(((double)b / 255d) * 100);

	  execute.command( "Red_Set", r.toString() );
	  execute.command( "Green_Set", g.toString() );
	  execute.command( "Blue_Set", b.toString() );
  }
end	</value><hint>Content for the modeler_rules.drl file. This has to be a valid Drools .drl file syntax.</hint><validation>.+</validation><options></options></org.openremote.modeler.shared.dto.ControllerConfigDTO><org.openremote.modeler.shared.dto.ControllerConfigDTO><oid>21316</oid><category>lagarto_network</category><name>lagarto_network.broadcast</name><value>tcp://127.0.0.1:5001</value><hint>Broadcast address and port used by all lagarto servers to publish network events (ZeroMQ pub/sub endpoint).</hint><validation>.+</validation><options></options></org.openremote.modeler.shared.dto.ControllerConfigDTO><org.openremote.modeler.shared.dto.ControllerConfigDTO><oid>21296</oid><category>z-wave</category><name>zwave.pad.port</name><value>7876</value><hint>If PAD is used for communication this defines the port the PAD daemon is listening on.</hint><validation>.+</validation><options></options></org.openremote.modeler.shared.dto.ControllerConfigDTO><org.openremote.modeler.shared.dto.ControllerConfigDTO><oid>21317</oid><category>z-wave</category><name>zwave.comPort</name><value></value><hint>Serial port the Z-Wave stick is found on. Either local serial port or serial port on PAD host depending on commLayer setting.</hint><validation>.+</validation><options></options></org.openremote.modeler.shared.dto.ControllerConfigDTO><org.openremote.modeler.shared.dto.ControllerConfigDTO><oid>21323</oid><category>macro</category><name>Macro.IR.Execution.Delay</name><value>500</value><hint>Macro execution delay. By default there's a delay between commands executed in a macro. Slow receiver devices (for example most TVs controlled via infrared) won't be able to process commands without significant delay. Mostly this is necessary for infrared. Other protocols may be able to process commands faster or without any delay at all. The measure is in milliseconds (500ms = 0.5s).</hint><validation>\d+</validation><options></options></org.openremote.modeler.shared.dto.ControllerConfigDTO><org.openremote.modeler.shared.dto.ControllerConfigDTO><oid>21311</oid><category>Domintell</category><name>domintell.port</name><value>17481</value><hint>UDP port of the DETH02 interface used to connect to the Domintell system, mandatory.</hint><validation>\d+</validation><options></options></org.openremote.modeler.shared.dto.ControllerConfigDTO></set></entry><entry><string>devices</string><list><org.openremote.modeler.shared.dto.DeviceDetailsWithChildrenDTO><oid>22998</oid><name>SLIDER TEST</name><vendor>S</vendor><model>S</model><deviceCommands><org.openremote.modeler.shared.dto.DeviceCommandDetailsDTO><oid>428984</oid><name>Slider Status</name><protocolType>In-memory Virtual Command</protocolType><protocolAttributes><entry><string>address</string><string>Slider</string></entry><entry><string>command</string><string>STATUS</string></entry></protocolAttributes></org.openremote.modeler.shared.dto.DeviceCommandDetailsDTO><org.openremote.modeler.shared.dto.DeviceCommandDetailsDTO><oid>428985</oid><name>Slider Set</name><protocolType>In-memory Virtual Command</protocolType><protocolAttributes><entry><string>address</string><string>Slider</string></entry><entry><string>command</string><string>ON</string></entry></protocolAttributes></org.openremote.modeler.shared.dto.DeviceCommandDetailsDTO></deviceCommands><sensors><org.openremote.modeler.shared.dto.SensorDetailsDTO><name>Slider</name><type>RANGE</type><commandName>Slider Status (SLIDER TEST)</commandName><minValue>0</minValue><maxValue>255</maxValue><oid>151177</oid><command><id>428984</id></command></org.openremote.modeler.shared.dto.SensorDetailsDTO></sensors><switches></switches><sliders><org.openremote.modeler.shared.dto.SliderDetailsDTO><oid>104308</oid><name>Slider</name><sensor><id>151177</id></sensor><commandName>Slider Set</commandName><command><id>428985</id></command></org.openremote.modeler.shared.dto.SliderDetailsDTO></sliders></org.openremote.modeler.shared.dto.DeviceDetailsWithChildrenDTO><org.openremote.modeler.shared.dto.DeviceDetailsWithChildrenDTO><oid>22999</oid><name>SWITCH TEST</name><vendor>SWITCH TEST</vendor><model>SWITCH TEST</model><deviceCommands><org.openremote.modeler.shared.dto.DeviceCommandDetailsDTO><oid>428986</oid><name>SWITCH STATUS</name><protocolType>In-memory Virtual Command</protocolType><protocolAttributes><entry><string>address</string><string>SwitchOne</string></entry><entry><string>command</string><string>STATUS</string></entry></protocolAttributes></org.openremote.modeler.shared.dto.DeviceCommandDetailsDTO><org.openremote.modeler.shared.dto.DeviceCommandDetailsDTO><oid>428987</oid><name>SWITCH ON</name><protocolType>In-memory Virtual Command</protocolType><protocolAttributes><entry><string>address</string><string>SwitchOne</string></entry><entry><string>command</string><string>ON</string></entry></protocolAttributes></org.openremote.modeler.shared.dto.DeviceCommandDetailsDTO><org.openremote.modeler.shared.dto.DeviceCommandDetailsDTO><oid>428988</oid><name>SWITCH OFF</name><protocolType>In-memory Virtual Command</protocolType><protocolAttributes><entry><string>address</string><string>SwitchOne</string></entry><entry><string>command</string><string>OFF</string></entry></protocolAttributes></org.openremote.modeler.shared.dto.DeviceCommandDetailsDTO><org.openremote.modeler.shared.dto.DeviceCommandDetailsDTO><oid>429476</oid><name>SWITCH TEST ON</name><protocolType>In-memory Virtual Command</protocolType><protocolAttributes><entry><string>address</string><string>SwitchTestToggle</string></entry><entry><string>command</string><string>ON</string></entry></protocolAttributes></org.openremote.modeler.shared.dto.DeviceCommandDetailsDTO><org.openremote.modeler.shared.dto.DeviceCommandDetailsDTO><oid>429477</oid><name>SWITCH TEST OFF</name><protocolType>In-memory Virtual Command</protocolType><protocolAttributes><entry><string>address</string><string>SwitchTestToggle</string></entry><entry><string>command</string><string>OFF</string></entry></protocolAttributes></org.openremote.modeler.shared.dto.DeviceCommandDetailsDTO><org.openremote.modeler.shared.dto.DeviceCommandDetailsDTO><oid>429478</oid><name>SWITCH TEST STATUS</name><protocolType>In-memory Virtual Command</protocolType><protocolAttributes><entry><string>address</string><string>SwitchTestToggle</string></entry><entry><string>command</string><string>STATUS</string></entry></protocolAttributes></org.openremote.modeler.shared.dto.DeviceCommandDetailsDTO></deviceCommands><sensors><org.openremote.modeler.shared.dto.SensorDetailsDTO><name>SWITCH1</name><type>SWITCH</type><commandName>SWITCH STATUS (SWITCH TEST)</commandName><oid>151178</oid><command><id>428986</id></command></org.openremote.modeler.shared.dto.SensorDetailsDTO><org.openremote.modeler.shared.dto.SensorDetailsDTO><name>SWITCH TEST</name><type>SWITCH</type><commandName>SWITCH TEST STATUS (SWITCH TEST)</commandName><oid>151307</oid><command><id>429478</id></command></org.openremote.modeler.shared.dto.SensorDetailsDTO></sensors><switches><org.openremote.modeler.shared.dto.SwitchDetailsDTO><oid>39649</oid><name>SWITCH1</name><sensor><id>151178</id></sensor><onCommand><id>428987</id></onCommand><onCommandDisplayName>SWITCH ON</onCommandDisplayName><offCommand><id>428988</id></offCommand><offCommandDisplayName>SWITCH OFF</offCommandDisplayName></org.openremote.modeler.shared.dto.SwitchDetailsDTO><org.openremote.modeler.shared.dto.SwitchDetailsDTO><oid>39704</oid><name>SWITCH TEST</name><sensor><id>151307</id></sensor><onCommand><id>429476</id></onCommand><onCommandDisplayName>SWITCH TEST ON</onCommandDisplayName><offCommand><id>429477</id></offCommand><offCommandDisplayName>SWITCH TEST OFF</offCommandDisplayName></org.openremote.modeler.shared.dto.SwitchDetailsDTO></switches><sliders></sliders></org.openremote.modeler.shared.dto.DeviceDetailsWithChildrenDTO><org.openremote.modeler.shared.dto.DeviceDetailsWithChildrenDTO><oid>23000</oid><name>BUTTON TEST</name><vendor>BUTTON TEST</vendor><model>BUTTON TEST</model><deviceCommands><org.openremote.modeler.shared.dto.DeviceCommandDetailsDTO><oid>428989</oid><name>ButtonRepeat</name><protocolType>In-memory Virtual Command</protocolType><protocolAttributes><entry><string>address</string><string>ButtonOne</string></entry><entry><string>command</string><string>ON</string></entry></protocolAttributes></org.openremote.modeler.shared.dto.DeviceCommandDetailsDTO><org.openremote.modeler.shared.dto.DeviceCommandDetailsDTO><oid>428990</oid><name>ButtonStatus</name><protocolType>In-memory Virtual Command</protocolType><protocolAttributes><entry><string>address</string><string>ButtonOne</string></entry><entry><string>command</string><string>STATUS</string></entry></protocolAttributes></org.openremote.modeler.shared.dto.DeviceCommandDetailsDTO><org.openremote.modeler.shared.dto.DeviceCommandDetailsDTO><oid>428991</oid><name>ButtonRelease</name><protocolType>In-memory Virtual Command</protocolType><protocolAttributes><entry><string>address</string><string>ButtonOne</string></entry><entry><string>command</string><string>OFF</string></entry></protocolAttributes></org.openremote.modeler.shared.dto.DeviceCommandDetailsDTO><org.openremote.modeler.shared.dto.DeviceCommandDetailsDTO><oid>428992</oid><name>ButtonPressOff</name><protocolType>In-memory Virtual Command</protocolType><protocolAttributes><entry><string>address</string><string>ButtonOne</string></entry><entry><string>command</string><string>OFF</string></entry></protocolAttributes></org.openremote.modeler.shared.dto.DeviceCommandDetailsDTO><org.openremote.modeler.shared.dto.DeviceCommandDetailsDTO><oid>428993</oid><name>ButtonLongPress</name><protocolType>In-memory Virtual Command</protocolType><protocolAttributes><entry><string>address</string><string>ButtonOne</string></entry><entry><string>command</string><string>ON</string></entry></protocolAttributes></org.openremote.modeler.shared.dto.DeviceCommandDetailsDTO><org.openremote.modeler.shared.dto.DeviceCommandDetailsDTO><oid>428994</oid><name>ButtonPressOn</name><protocolType>In-memory Virtual Command</protocolType><protocolAttributes><entry><string>address</string><string>ButtonOne</string></entry><entry><string>command</string><string>ON</string></entry></protocolAttributes></org.openremote.modeler.shared.dto.DeviceCommandDetailsDTO></deviceCommands><sensors><org.openremote.modeler.shared.dto.SensorDetailsDTO><name>ButonStatusCustom</name><type>CUSTOM</type><commandName>ButtonStatus (BUTTON TEST)</commandName><states><entry><string>ON</string><string>Play</string></entry><entry><string>OFF</string><string>Stop</string></entry></states><oid>151179</oid><command><id>428990</id></command></org.openremote.modeler.shared.dto.SensorDetailsDTO><org.openremote.modeler.shared.dto.SensorDetailsDTO><name>ButtonStatus</name><type>CUSTOM</type><commandName>ButtonStatus (BUTTON TEST)</commandName><states></states><oid>151180</oid><command><id>428990</id></command></org.openremote.modeler.shared.dto.SensorDetailsDTO></sensors><switches></switches><sliders></sliders></org.openremote.modeler.shared.dto.DeviceDetailsWithChildrenDTO><org.openremote.modeler.shared.dto.DeviceDetailsWithChildrenDTO><oid>23002</oid><name>COLOR TEST</name><vendor>COLOR TEST</vendor><model>COLOR TEST</model><deviceCommands><org.openremote.modeler.shared.dto.DeviceCommandDetailsDTO><oid>429001</oid><name>Red_Set</name><protocolType>In-memory Virtual Command</protocolType><protocolAttributes><entry><string>address</string><string>Red</string></entry><entry><string>command</string><string>ON</string></entry></protocolAttributes></org.openremote.modeler.shared.dto.DeviceCommandDetailsDTO><org.openremote.modeler.shared.dto.DeviceCommandDetailsDTO><oid>429002</oid><name>Red_Status</name><protocolType>In-memory Virtual Command</protocolType><protocolAttributes><entry><string>address</string><string>Red</string></entry><entry><string>command</string><string>STATUS</string></entry></protocolAttributes></org.openremote.modeler.shared.dto.DeviceCommandDetailsDTO><org.openremote.modeler.shared.dto.DeviceCommandDetailsDTO><oid>429003</oid><name>RGB_Status</name><protocolType>In-memory Virtual Command</protocolType><protocolAttributes><entry><string>address</string><string>Colour</string></entry><entry><string>command</string><string>STATUS</string></entry></protocolAttributes></org.openremote.modeler.shared.dto.DeviceCommandDetailsDTO><org.openremote.modeler.shared.dto.DeviceCommandDetailsDTO><oid>429004</oid><name>Blue_Status</name><protocolType>In-memory Virtual Command</protocolType><protocolAttributes><entry><string>address</string><string>Blue</string></entry><entry><string>command</string><string>STATUS</string></entry></protocolAttributes></org.openremote.modeler.shared.dto.DeviceCommandDetailsDTO><org.openremote.modeler.shared.dto.DeviceCommandDetailsDTO><oid>429005</oid><name>RGB</name><protocolType>In-memory Virtual Command</protocolType><protocolAttributes><entry><string>address</string><string>Colour</string></entry><entry><string>command</string><string>ON</string></entry></protocolAttributes></org.openremote.modeler.shared.dto.DeviceCommandDetailsDTO><org.openremote.modeler.shared.dto.DeviceCommandDetailsDTO><oid>429006</oid><name>Blue_Set</name><protocolType>In-memory Virtual Command</protocolType><protocolAttributes><entry><string>address</string><string>Blue</string></entry><entry><string>command</string><string>ON</string></entry></protocolAttributes></org.openremote.modeler.shared.dto.DeviceCommandDetailsDTO><org.openremote.modeler.shared.dto.DeviceCommandDetailsDTO><oid>429007</oid><name>Green_Set</name><protocolType>In-memory Virtual Command</protocolType><protocolAttributes><entry><string>address</string><string>Green</string></entry><entry><string>command</string><string>ON</string></entry></protocolAttributes></org.openremote.modeler.shared.dto.DeviceCommandDetailsDTO><org.openremote.modeler.shared.dto.DeviceCommandDetailsDTO><oid>429008</oid><name>Green_Status</name><protocolType>In-memory Virtual Command</protocolType><protocolAttributes><entry><string>address</string><string>Green</string></entry><entry><string>command</string><string>STATUS</string></entry></protocolAttributes></org.openremote.modeler.shared.dto.DeviceCommandDetailsDTO></deviceCommands><sensors><org.openremote.modeler.shared.dto.SensorDetailsDTO><name>GreenStatus</name><type>CUSTOM</type><commandName>Green_Status (COLOR TEST)</commandName><states></states><oid>151187</oid><command><id>429008</id></command></org.openremote.modeler.shared.dto.SensorDetailsDTO><org.openremote.modeler.shared.dto.SensorDetailsDTO><name>BlueStatus</name><type>CUSTOM</type><commandName>Blue_Status (COLOR TEST)</commandName><states></states><oid>151188</oid><command><id>429004</id></command></org.openremote.modeler.shared.dto.SensorDetailsDTO><org.openremote.modeler.shared.dto.SensorDetailsDTO><name>RGB_Status</name><type>CUSTOM</type><commandName>RGB_Status (COLOR TEST)</commandName><states></states><oid>151189</oid><command><id>429003</id></command></org.openremote.modeler.shared.dto.SensorDetailsDTO><org.openremote.modeler.shared.dto.SensorDetailsDTO><name>RedStatus</name><type>CUSTOM</type><commandName>Red_Status (COLOR TEST)</commandName><states></states><oid>151190</oid><command><id>429002</id></command></org.openremote.modeler.shared.dto.SensorDetailsDTO></sensors><switches></switches><sliders></sliders></org.openremote.modeler.shared.dto.DeviceDetailsWithChildrenDTO></list></entry></map>