<?xml version="1.0" encoding="UTF-8"?>
<openremote xmlns="http://www.openremote.org" xmlns:xsi="http://www.w3.org/2001/XMLSchema-instance" xsi:schemaLocation="http://www.openremote.org http://www.openremote.org/schemas/controller.xsd">
  <components>
    <switch id="199">
      <on>
        <include type="command" ref="269" />
      </on>
      <off>
        <include type="command" ref="270" />
      </off>
      <include type="sensor" ref="251178" />
    </switch>
    <switch id="253">
      <on>
        <include type="command" ref="271" />
      </on>
      <off>
        <include type="command" ref="272" />
      </off>
      <include type="sensor" ref="251307" />
    </switch>
    <switch id="75">
      <on>
        <include type="command" ref="269" />
      </on>
      <off>
        <include type="command" ref="270" />
      </off>
      <include type="sensor" ref="251178" />
    </switch>
    <switch id="203">
      <on>
        <include type="command" ref="269" />
      </on>
      <off>
        <include type="command" ref="270" />
      </off>
      <include type="sensor" ref="251178" />
    </switch>
    <switch id="94">
      <on />
      <off />
    </switch>
    <switch id="201">
      <on>
        <include type="command" ref="269" />
      </on>
      <off>
        <include type="command" ref="270" />
      </off>
      <include type="sensor" ref="251178" />
    </switch>
    <switch id="65">
      <on />
      <off />
    </switch>
    <button id="37" />
    <button id="174" />
    <button id="86">
      <include type="command" ref="279" />
    </button>
    <button id="181" />
    <button id="39" />
    <button id="172" />
    <button id="183" />
    <button id="170" />
    <button id="185" />
    <button id="251" />
    <button id="92" />
    <button id="195" />
    <button id="168">
      <include type="command" ref="277" />
    </button>
    <button id="187">
      <include type="command" ref="279" />
    </button>
    <button id="193" />
    <slider id="71">
      <setValue>
        <include type="command" ref="267" />
      </setValue>
      <include type="sensor" ref="251177" />
    </slider>
    <slider id="227">
      <setValue>
        <include type="command" ref="267" />
      </setValue>
      <include type="sensor" ref="251177" />
    </slider>
    <slider id="231">
      <setValue>
        <include type="command" ref="267" />
      </setValue>
      <include type="sensor" ref="251177" />
    </slider>
    <slider id="233">
      <setValue>
        <include type="command" ref="267" />
      </setValue>
      <include type="sensor" ref="251177" />
    </slider>
    <slider id="229">
      <setValue>
        <include type="command" ref="267" />
      </setValue>
      <include type="sensor" ref="251177" />
    </slider>
    <image id="249" />
    <image id="225" />
    <image id="223">
      <include type="sensor" ref="251179" />
    </image>
    <image id="67" />
    <image id="96" />
    <image id="211">
      <include type="sensor" ref="251179" />
    </image>
    <label id="247" />
    <label id="114" />
    <label id="132" />
    <label id="128">
      <include type="sensor" ref="251185" />
    </label>
    <label id="209">
      <include type="sensor" ref="251180" />
    </label>
    <label id="134" />
    <label id="207">
      <include type="sensor" ref="251179" />
    </label>
    <label id="22" />
    <label id="108" />
    <label id="110" />
    <label id="157" />
    <label id="118">
      <include type="sensor" ref="251184" />
    </label>
    <label id="138" />
    <label id="106" />
    <label id="165">
      <include type="sensor" ref="251188" />
    </label>
    <label id="142" />
    <label id="163">
      <include type="sensor" ref="251187" />
    </label>
    <label id="136" />
    <label id="205">
      <include type="sensor" ref="251189" />
    </label>
    <label id="102" />
    <label id="112" />
    <label id="116" />
    <label id="124">
      <include type="sensor" ref="251183" />
    </label>
    <label id="122">
      <include type="sensor" ref="251186" />
    </label>
    <label id="126">
      <include type="sensor" ref="251182" />
    </label>
    <label id="161">
      <include type="sensor" ref="251190" />
    </label>
    <label id="155" />
    <label id="120">
      <include type="sensor" ref="251181" />
    </label>
    <label id="130" />
    <label id="153" />
    <label id="17" />
    <label id="159" />
    <label id="150">
      <include type="sensor" ref="251189" />
    </label>
    <colorpicker id="257" />
    <colorpicker id="237" />
    <colorpicker id="235">
      <include type="command" ref="284" />
    </colorpicker>
    <colorpicker id="148">
      <include type="command" ref="284" />
    </colorpicker>
    <colorpicker id="239" />
  </components>
  <sensors>
    <sensor id="251177" name="Slider" type="range">
      <include type="command" ref="266" />
      <min value="0" />
      <max value="255" />
    </sensor>
    <sensor id="251178" name="SWITCH1" type="switch">
      <include type="command" ref="268" />
      <state name="on" />
      <state name="off" />
    </sensor>
    <sensor id="251179" name="ButonStatusCustom" type="custom">
      <include type="command" ref="275" />
      <state name="ON" value="Play" />
      <state name="OFF" value="Stop" />
    </sensor>
    <sensor id="251180" name="ButtonStatus" type="custom">
      <include type="command" ref="275" />
    </sensor>
    <sensor id="251187" name="GreenStatus" type="custom">
      <include type="command" ref="287" />
    </sensor>
    <sensor id="251188" name="BlueStatus" type="custom">
      <include type="command" ref="283" />
    </sensor>
    <sensor id="251189" name="RGB_Status" type="custom">
      <include type="command" ref="282" />
    </sensor>
    <sensor id="251190" name="RedStatus" type="custom">
      <include type="command" ref="281" />
    </sensor>
    <sensor id="251307" name="SWITCH TEST" type="switch">
      <include type="command" ref="273" />
      <state name="on" />
      <state name="off" />
    </sensor>
  </sensors>
  <commands>
    <command id="266" protocol="virtual">
      <property name="address" value="Slider" />
      <property name="command" value="STATUS" />
      <property name="name" value="Slider Status" />
      <property name="urn:openremote:device-command:device-name" value="SLIDER TEST" />
      <property name="urn:openremote:device-command:device-id" value="22998" />
    </command>
    <command id="267" protocol="virtual">
      <property name="address" value="Slider" />
      <property name="command" value="ON" />
      <property name="name" value="Slider Set" />
      <property name="urn:openremote:device-command:device-name" value="SLIDER TEST" />
      <property name="urn:openremote:device-command:device-id" value="22998" />
    </command>
    <command id="268" protocol="virtual">
      <property name="address" value="SwitchOne" />
      <property name="command" value="STATUS" />
      <property name="name" value="SWITCH STATUS" />
      <property name="urn:openremote:device-command:device-name" value="SWITCH TEST" />
      <property name="urn:openremote:device-command:device-id" value="22999" />
    </command>
    <command id="269" protocol="virtual">
      <property name="address" value="SwitchOne" />
      <property name="command" value="ON" />
      <property name="name" value="SWITCH ON" />
      <property name="urn:openremote:device-command:device-name" value="SWITCH TEST" />
      <property name="urn:openremote:device-command:device-id" value="22999" />
    </command>
    <command id="270" protocol="virtual">
      <property name="address" value="SwitchOne" />
      <property name="command" value="OFF" />
      <property name="name" value="SWITCH OFF" />
      <property name="urn:openremote:device-command:device-name" value="SWITCH TEST" />
      <property name="urn:openremote:device-command:device-id" value="22999" />
    </command>
    <command id="271" protocol="virtual">
      <property name="address" value="SwitchTestToggle" />
      <property name="command" value="ON" />
      <property name="name" value="SWITCH TEST ON" />
      <property name="urn:openremote:device-command:device-name" value="SWITCH TEST" />
      <property name="urn:openremote:device-command:device-id" value="22999" />
    </command>
    <command id="272" protocol="virtual">
      <property name="address" value="SwitchTestToggle" />
      <property name="command" value="OFF" />
      <property name="name" value="SWITCH TEST OFF" />
      <property name="urn:openremote:device-command:device-name" value="SWITCH TEST" />
      <property name="urn:openremote:device-command:device-id" value="22999" />
    </command>
    <command id="273" protocol="virtual">
      <property name="address" value="SwitchTestToggle" />
      <property name="command" value="STATUS" />
      <property name="name" value="SWITCH TEST STATUS" />
      <property name="urn:openremote:device-command:device-name" value="SWITCH TEST" />
      <property name="urn:openremote:device-command:device-id" value="22999" />
    </command>
    <command id="274" protocol="virtual">
      <property name="address" value="ButtonOne" />
      <property name="command" value="ON" />
      <property name="name" value="ButtonRepeat" />
      <property name="urn:openremote:device-command:device-name" value="BUTTON TEST" />
      <property name="urn:openremote:device-command:device-id" value="23000" />
    </command>
    <command id="275" protocol="virtual">
      <property name="address" value="ButtonOne" />
      <property name="command" value="STATUS" />
      <property name="name" value="ButtonStatus" />
      <property name="urn:openremote:device-command:device-name" value="BUTTON TEST" />
      <property name="urn:openremote:device-command:device-id" value="23000" />
    </command>
    <command id="276" protocol="virtual">
      <property name="address" value="ButtonOne" />
      <property name="command" value="OFF" />
      <property name="name" value="ButtonRelease" />
      <property name="urn:openremote:device-command:device-name" value="BUTTON TEST" />
      <property name="urn:openremote:device-command:device-id" value="23000" />
    </command>
    <command id="277" protocol="virtual">
      <property name="address" value="ButtonOne" />
      <property name="command" value="OFF" />
      <property name="name" value="ButtonPressOff" />
      <property name="urn:openremote:device-command:device-name" value="BUTTON TEST" />
      <property name="urn:openremote:device-command:device-id" value="23000" />
    </command>
    <command id="278" protocol="virtual">
      <property name="address" value="ButtonOne" />
      <property name="command" value="ON" />
      <property name="name" value="ButtonLongPress" />
      <property name="urn:openremote:device-command:device-name" value="BUTTON TEST" />
      <property name="urn:openremote:device-command:device-id" value="23000" />
    </command>
    <command id="279" protocol="virtual">
      <property name="address" value="ButtonOne" />
      <property name="command" value="ON" />
      <property name="name" value="ButtonPressOn" />
      <property name="urn:openremote:device-command:device-name" value="BUTTON TEST" />
      <property name="urn:openremote:device-command:device-id" value="23000" />
    </command>
    <command id="280" protocol="virtual">
      <property name="address" value="Red" />
      <property name="command" value="ON" />
      <property name="name" value="Red_Set" />
      <property name="urn:openremote:device-command:device-name" value="COLOR TEST" />
      <property name="urn:openremote:device-command:device-id" value="23002" />
    </command>
    <command id="281" protocol="virtual">
      <property name="address" value="Red" />
      <property name="command" value="STATUS" />
      <property name="name" value="Red_Status" />
      <property name="urn:openremote:device-command:device-name" value="COLOR TEST" />
      <property name="urn:openremote:device-command:device-id" value="23002" />
    </command>
    <command id="282" protocol="virtual">
      <property name="address" value="Colour" />
      <property name="command" value="STATUS" />
      <property name="name" value="RGB_Status" />
      <property name="urn:openremote:device-command:device-name" value="COLOR TEST" />
      <property name="urn:openremote:device-command:device-id" value="23002" />
    </command>
    <command id="283" protocol="virtual">
      <property name="address" value="Blue" />
      <property name="command" value="STATUS" />
      <property name="name" value="Blue_Status" />
      <property name="urn:openremote:device-command:device-name" value="COLOR TEST" />
      <property name="urn:openremote:device-command:device-id" value="23002" />
    </command>
    <command id="284" protocol="virtual">
      <property name="address" value="Colour" />
      <property name="command" value="ON" />
      <property name="name" value="RGB" />
      <property name="urn:openremote:device-command:device-name" value="COLOR TEST" />
      <property name="urn:openremote:device-command:device-id" value="23002" />
    </command>
    <command id="285" protocol="virtual">
      <property name="address" value="Blue" />
      <property name="command" value="ON" />
      <property name="name" value="Blue_Set" />
      <property name="urn:openremote:device-command:device-name" value="COLOR TEST" />
      <property name="urn:openremote:device-command:device-id" value="23002" />
    </command>
    <command id="286" protocol="virtual">
      <property name="address" value="Green" />
      <property name="command" value="ON" />
      <property name="name" value="Green_Set" />
      <property name="urn:openremote:device-command:device-name" value="COLOR TEST" />
      <property name="urn:openremote:device-command:device-id" value="23002" />
    </command>
    <command id="287" protocol="virtual">
      <property name="address" value="Green" />
      <property name="command" value="STATUS" />
      <property name="name" value="Green_Status" />
      <property name="urn:openremote:device-command:device-name" value="COLOR TEST" />
      <property name="urn:openremote:device-command:device-id" value="23002" />
    </command>
  </commands>
  <config>
    <property name="domintell.address" value="192.168.1.1" />
    <property name="zwave.pad.port" value="7876" />
    <property name="lircd.conf.path" value="/etc/lircd.conf" />
    <property name="zwave.pad.host" value="localhost" />
    <property name="lutron_homeworks.address" value="192.168.1.1" />
    <property name="protocol.zwave.classname" value="org.openremote.controller.protocol.zwave.ZWaveCommandBuilder" />
    <property name="lutron_homeworks.username" value="openremote" />
    <property name="lutron_homeworks.password" value="openremote" />
    <property name="amx_ni.port" value="50000" />
    <property name="copy.lircd.conf.on" value="true" />
    <property name="zwave.commLayer" value="" />
    <property name="controller.groupname" value="floor20" />
    <property name="controller.roundrobin.multicast.port" value="10000" />
    <property name="webapp.port" value="8688" />
    <property name="irsend.path" value="/usr/local/bin/irsend" />
    <property name="resource.upload.enable" value="true" />
    <property name="domintell.port" value="17481" />
    <property name="controller.roundrobin.tcpserver.port" value="20000" />
    <property name="multicast.port" value="3333" />
    <property name="controller.applicationname" value="controller" />
    <property name="lagarto_network.broadcast" value="tcp://127.0.0.1:5001" />
    <property name="zwave.comPort" value="" />
    <property name="controller.groupmember.autodetect.on" value="true" />
    <property name="lutron_homeworks.port" value="23" />
    <property name="controller.roundrobin.multicast.address" value="224.0.1.200" />
    <property name="multicast.address" value="224.0.1.100" />
    <property name="amx_ni.address" value="192.168.1.1" />
    <property name="Macro.IR.Execution.Delay" value="500" />
    <property name="marantz_avr.address" value="192.168.1.1" />
    <property name="velbus.server.ports" value="8080" />
    <property name="samsungTV.address" value="" />
    <property name="enocean.commLayer" value="RXTX" />
    <property name="velbus.server.hostnames" value="localhost" />
    <property name="enocean.serialProtocol" value="ESP3" />
    <property name="enocean.comPort" value="/dev/ttyUSB0" />
    <property name="vera.address" value="" />
    <property name="protocol.samsungTV.classname" value="org.openremote.controller.protocol.samsungtv.SamsungTVRemoteCommandBuilder" />
    <property name="protocol.velbus.classname" value="org.openremote.controller.protocol.velbus.VelbusCommandBuilder" />
    <property name="protocol.vera.classname" value="org.openremote.controller.protocol.vera.VeraCommandBuilder" />
  </config>
</openremote>

