<?xml version="1.0" encoding="UTF-8"?>
<openremote xmlns="http://www.openremote.org" xmlns:xsi="http://www.w3.org/2001/XMLSchema-instance" xsi:schemaLocation="http://www.openremote.org http://www.openremote.org/schemas/controller.xsd">
  <components>
    <switch id="86">
      <on />
      <off />
    </switch>
    <switch id="162">
      <on>
        <include type="command" ref="180" />
      </on>
      <off>
        <include type="command" ref="179" />
      </off>
      <include type="sensor" ref="5103643" />
    </switch>
    <button id="68" />
    <button id="70" />
    <button id="33" />
    <button id="141">
      <include type="command" ref="177" />
    </button>
    <button id="39" />
    <button id="143">
      <include type="command" ref="176" />
    </button>
    <button id="41" />
    <button id="130" />
    <button id="160">
      <include type="command" ref="180" />
    </button>
    <button id="72" />
    <button id="166" />
    <button id="145">
      <include type="command" ref="174" />
    </button>
    <button id="31" />
    <gesture id="92" />
    <gesture id="94" />
    <gesture id="89" />
    <slider id="147">
      <setValue>
        <include type="command" ref="175" />
      </setValue>
      <include type="sensor" ref="3692916" />
    </slider>
    <image id="84" />
    <image id="168">
      <include type="sensor" ref="5103643" />
    </image>
    <label id="139">
      <include type="sensor" ref="3692915" />
    </label>
    <label id="64" />
    <label id="66" />
    <label id="76" />
    <label id="128" />
    <label id="78" />
    <label id="132" />
    <label id="156">
      <include type="sensor" ref="5103643" />
    </label>
    <label id="158">
      <include type="sensor" ref="5103643" />
    </label>
    <label id="29" />
    <label id="102" />
    <label id="170">
      <include type="sensor" ref="5103643" />
    </label>
    <label id="100" />
    <label id="172">
      <include type="sensor" ref="5103643" />
    </label>
    <label id="110" />
    <label id="43" />
    <label id="108" />
    <label id="47" />
    <label id="51" />
    <label id="119" />
    <label id="49" />
    <label id="115" />
    <label id="53" />
    <label id="123" />
    <label id="62" />
    <label id="60" />
  </components>
  <sensors>
    <sensor id="3692916" name="Get Study Volume" type="range">
      <include type="command" ref="178" />
      <min value="0" />
      <max value="155" />
    </sensor>
    <sensor id="3692915" name="Get Study Source" type="custom">
      <include type="command" ref="173" />
    </sensor>
    <sensor id="5103643" name="switch" type="switch">
      <include type="command" ref="181" />
      <state name="on" />
      <state name="off" />
    </sensor>
  </sensors>
  <commands>
    <command id="179" protocol="virtual">
      <property name="address" value="switchone" />
      <property name="command" value="off" />
      <property name="name" value="switch off" />
    </command>
    <command id="180" protocol="virtual">
      <property name="address" value="switchone" />
      <property name="command" value="on" />
      <property name="name" value="switch on" />
    </command>
    <command id="181" protocol="virtual">
      <property name="address" value="switchone" />
      <property name="command" value="status" />
      <property name="name" value="switch status" />
    </command>
    <command id="173" protocol="shellexe">
      <property name="commandParams" value="source:study:get" />
      <property name="pollingInterval" value="1s" />
      <property name="commandPath" value="/home/rich/alsa.sh" />
      <property name="name" value="Get Study Source" />
    </command>
    <command id="174" protocol="shellexe">
      <property name="commandParams" value="source:study:music" />
      <property name="commandPath" value="/home/rich/alsa.sh" />
      <property name="name" value="Set Study Source (None)" />
    </command>
    <command id="175" protocol="shellexe">
      <property name="commandParams" value="volume:study:${param}" />
      <property name="commandPath" value="/home/rich/alsa.sh" />
      <property name="name" value="Set Study Volume" />
    </command>
    <command id="176" protocol="shellexe">
      <property name="commandParams" value="source:study:wdtv" />
      <property name="commandPath" value="/home/rich/alsa.sh" />
      <property name="name" value="Set Study Source (Music)" />
    </command>
    <command id="177" protocol="shellexe">
      <property name="commandParams" value="source:study:sky" />
      <property name="commandPath" value="/home/rich/alsa.sh" />
      <property name="name" value="Set Study Source (Sky)" />
    </command>
    <command id="178" protocol="shellexe">
      <property name="commandParams" value="volume:study:get" />
      <property name="pollingInterval" value="3s" />
      <property name="commandPath" value="/home/rich/alsa.sh" />
      <property name="name" value="Get Study Volume" />
    </command>
  </commands>
  <config>
    <property name="controller.roundrobin.tcpserver.port" value="20000" />
    <property name="multicast.address" value="224.0.1.100" />
    <property name="controller.roundrobin.multicast.port" value="10000" />
    <property name="multicast.port" value="3333" />
    <property name="controller.groupname" value="floor20" />
    <property name="Macro.IR.Execution.Delay" value="500" />
    <property name="controller.roundrobin.multicast.address" value="224.0.1.200" />
    <property name="lircd.conf.path" value="/etc/lircd.conf" />
    <property name="controller.groupmember.autodetect.on" value="true" />
    <property name="webapp.port" value="8080" />
    <property name="copy.lircd.conf.on" value="true" />
    <property name="irsend.path" value="/usr/local/bin/irsend" />
    <property name="resource.upload.enable" value="true" />
    <property name="controller.applicationname" value="controller" />
    <property name="enocean.commLayer" value="" />
    <property name="zwave.pad.port" value="7876" />
    <property name="zwave.comPort" value="" />
    <property name="lutron_homeworks.password" value="openremote" />
    <property name="enocean.comPort" value="" />
    <property name="lagarto_network.broadcast" value="tcp://127.0.0.1:5001" />
    <property name="protocol.vera.classname" value="org.openremote.controller.protocol.vera.VeraCommandBuilder" />
    <property name="amx_ni.port" value="50000" />
    <property name="lutron_homeworks.port" value="23" />
    <property name="lutron_homeworks.address" value="192.168.1.1" />
    <property name="zwave.pad.host" value="localhost" />
    <property name="lutron_homeworks.username" value="openremote" />
    <property name="enocean.serialProtocol" value="ESP3" />
    <property name="zwave.commLayer" value="" />
    <property name="vera.address" value="" />
    <property name="protocol.zwave.classname" value="org.openremote.controller.protocol.zwave.ZWaveCommandBuilder" />
    <property name="domintell.port" value="17481" />
    <property name="amx_ni.address" value="192.168.1.1" />
    <property name="domintell.address" value="192.168.1.1" />
  </config>
</openremote>

