<?xml version="1.0" encoding="UTF-8"?>
<openremote xmlns="http://www.openremote.org" xmlns:xsi="http://www.w3.org/2001/XMLSchema-instance" xsi:schemaLocation="http://www.openremote.org http://www.openremote.org/schemas/panel.xsd">
  <panels>
    <panel id="1" name="panel1">
      <include type="group" ref="2" />
      <include type="group" ref="54" />
    </panel>
    <panel id="34" name="Mobile">
      <include type="group" ref="35" />
    </panel>
    <panel id="95" name="System">
      <include type="group" ref="96" />
      <include type="group" ref="105" />
      <include type="group" ref="106" />
      <include type="group" ref="111" />
      <include type="group" ref="124" />
    </panel>
    <panel id="133" name="sumvision">
      <include type="group" ref="134" />
    </panel>
    <panel id="148" name="test">
      <include type="group" ref="149" />
      <include type="group" ref="152" />
    </panel>
  </panels>
  <screens>
    <screen id="3" name="Screen1" inverseScreenId="9">
      <absolute left="74" top="220" width="150" height="50">
        <label id="29" fontSize="14" color="#FFFFFF" text="Label Text" />
      </absolute>
      <absolute left="58" top="144" width="50" height="50">
        <button id="31" name="">
          <default>
            <image src="play.png" />
          </default>
        </button>
      </absolute>
      <absolute left="193" top="147" width="50" height="50">
        <button id="33" name="">
          <default>
            <image src="pause.png" />
          </default>
        </button>
      </absolute>
      <absolute left="75" top="65" width="150" height="50">
        <label id="47" fontSize="14" color="#00FF00" text="SCREEN 1 (DEFAULT)" />
      </absolute>
      <absolute left="75" top="10" width="150" height="50">
        <label id="51" fontSize="14" color="#FFFFFF" text="GROUP 1 (DEFAULT)" />
      </absolute>
      <absolute left="62" top="316" width="198" height="44">
        <slider id="74" passive="true" vertical="false">
          <min value="0" />
          <max value="100" />
        </slider>
      </absolute>
    </screen>
    <screen id="9" name="Screen1" landscape="true" inverseScreenId="3">
      <absolute left="114" top="78" width="150" height="50">
        <label id="76" fontSize="14" color="#FFFFFF" text="LANDSCAPE" />
      </absolute>
    </screen>
    <screen id="44" name="Screen2">
      <absolute left="82" top="47" width="150" height="50">
        <label id="49" fontSize="14" color="#00FF00" text="SCREEN 2" />
      </absolute>
      <absolute left="82" top="6" width="150" height="50">
        <label id="53" fontSize="14" color="#FFFFFF" text="GROUP 1" />
      </absolute>
    </screen>
    <screen id="55" name="Screen1">
      <absolute left="77" top="4" width="150" height="50">
        <label id="64" fontSize="14" color="#FFFFFF" text="GROUP 2" />
      </absolute>
      <absolute left="77" top="66" width="150" height="50">
        <label id="66" fontSize="14" color="#00FFFF" text="SCREEN 1 (DEFAULT)" />
      </absolute>
      <absolute left="103" top="144" width="89" height="50">
        <button id="68" name="SCREEN 1">
          <navigate toGroup="2" toScreen="3" />
        </button>
      </absolute>
      <absolute left="91" top="210" width="114" height="52">
        <button id="70" name="NEXT SCREEN">
          <navigate to="nextScreen" />
        </button>
      </absolute>
      <absolute left="100" top="278" width="93" height="52">
        <button id="72" name="SETTINGS">
          <navigate to="setting" />
        </button>
      </absolute>
    </screen>
    <screen id="57" name="Screen2">
      <absolute left="77" top="60" width="150" height="50">
        <label id="60" fontSize="14" color="#00FFFF" text="SCREEN 2" />
      </absolute>
      <absolute left="79" top="5" width="150" height="50">
        <label id="62" fontSize="14" color="#FFFFFF" text="GROUP 2" />
      </absolute>
    </screen>
    <screen id="36" name="Testing">
      <absolute left="26" top="26" width="50" height="50">
        <button id="39" name="">
          <default>
            <image src="play.png" />
          </default>
        </button>
      </absolute>
      <absolute left="239" top="25" width="50" height="50">
        <button id="41" name="">
          <default>
            <image src="pause.png" />
          </default>
        </button>
      </absolute>
      <absolute left="76" top="418" width="150" height="50">
        <label id="78" fontSize="20" color="#FFFFFF" text="Label Text" />
      </absolute>
      <absolute left="26" top="365" width="262" height="52">
        <label id="43" fontSize="20" color="#FFFFFF" text="Label Text" />
      </absolute>
      <absolute left="9" top="310" width="290" height="46">
        <slider id="80" passive="true" vertical="false">
          <min value="0" />
          <max value="100" />
        </slider>
      </absolute>
      <absolute left="124" top="161" width="50" height="50">
        <image id="84" src="OpenRemote.Logo.30x32.png">
          <include type="label" ref="78" />
        </image>
      </absolute>
      <absolute left="124" top="29" width="50" height="50">
        <switch id="86" />
      </absolute>
      <gesture id="92" type="swipe-top-to-bottom">
        <navigate to="setting" />
      </gesture>
      <gesture id="89" type="swipe-left-to-right" />
      <gesture id="94" type="swipe-right-to-left" />
    </screen>
    <screen id="103" name="controllerlist">
      <absolute left="0" top="0" width="320" height="50">
        <label id="108" fontSize="20" color="#FFFFFF" text="Controller List" />
      </absolute>
      <absolute left="0" top="0" width="270" height="50">
        <label id="110" fontSize="13" color="#FFFFFF" text="${url}" />
      </absolute>
      <absolute left="275" top="0" width="40" height="50">
        <button id="130" name="&gt;">
          <navigate to="setting" />
        </button>
      </absolute>
    </screen>
    <screen id="120" name="settings">
      <absolute left="0" top="0" width="320" height="50">
        <label id="123" fontSize="20" color="#FFFFFF" text="Settings" />
      </absolute>
    </screen>
    <screen id="112" name="login">
      <absolute left="0" top="0" width="320" height="50">
        <label id="115" fontSize="20" color="#FFFFFF" text="Login" />
      </absolute>
    </screen>
    <screen id="116" name="logout">
      <absolute left="0" top="0" width="320" height="50">
        <label id="119" fontSize="20" color="#FFFFFF" text="Logout" />
      </absolute>
    </screen>
    <screen id="97" name="editcontroller">
      <absolute left="0" top="0" width="320" height="50">
        <label id="100" fontSize="20" color="#FFFFFF" text="Edit/Add Controller" />
      </absolute>
      <absolute left="4" top="55" width="308" height="286">
        <label id="102" fontSize="14" color="#FFFFFF" text="FORM PANEL HERE" />
      </absolute>
    </screen>
    <screen id="125" name="Panel List">
      <absolute left="0" top="0" width="320" height="50">
        <label id="128" fontSize="20" color="#FFFFFF" text="Panel List" />
      </absolute>
      <absolute left="11" top="53" width="150" height="50">
        <label id="132" fontSize="14" color="#FFFFFF" text="Label Text" />
      </absolute>
    </screen>
    <screen id="137" name="Starting Screen" landscape="true">
      <absolute left="181" top="48" width="50" height="50">
        <button id="141" name="Sky" hasControlCommand="true" />
      </absolute>
      <absolute left="254" top="48" width="50" height="50">
        <button id="143" name="Music" hasControlCommand="true" />
      </absolute>
      <absolute left="327" top="48" width="50" height="50">
        <button id="145" name="None" hasControlCommand="true" />
      </absolute>
      <absolute left="400" top="49" width="150" height="50">
        <label id="139" fontSize="14" color="#FFFF99" text="Label Text">
          <link type="sensor" ref="3692915" />
        </label>
      </absolute>
      <absolute left="174" top="181" width="332" height="44">
        <slider id="147" vertical="false" passive="false">
          <link type="sensor" ref="3692916" />
          <min value="0" />
          <max value="155" />
        </slider>
      </absolute>
    </screen>
    <screen id="153" name="Screen1">
      <grid left="8" top="5" width="300" height="300" rows="4" cols="2">
        <cell x="0" y="0" rowspan="1" colspan="1">
          <label id="156" fontSize="14" color="#FFFFFF" text="Label Text">
            <link type="sensor" ref="5103643">
              <state name="off" value="OFF 1" />
              <state name="on" value="ON 1" />
            </link>
          </label>
        </cell>
        <cell x="1" y="0" rowspan="1" colspan="1">
          <label id="158" fontSize="14" color="#00FF00" text="Label Text">
            <link type="sensor" ref="5103643">
              <state name="off" value="OFF 2" />
              <state name="on" value="ON 2" />
            </link>
          </label>
        </cell>
        <cell x="0" y="2" rowspan="1" colspan="1">
          <button id="166" name="NAV TO SCREEN">
            <navigate toGroup="152" toScreen="150" />
          </button>
        </cell>
        <cell x="1" y="2" rowspan="1" colspan="1">
          <image id="168" src="OpenRemote.Logo.30x32.png">
            <link type="sensor" ref="5103643">
              <state name="off" value="pause.png" />
              <state name="on" value="play.png" />
            </link>
            <include type="label" ref="156" />
          </image>
        </cell>
      </grid>
      <absolute left="62" top="420" width="198" height="44">
        <slider id="164" passive="true" vertical="false">
          <min value="0" image="OpenRemote.Logo.30x32.png" />
          <max value="100" />
        </slider>
      </absolute>
      <absolute left="210" top="325" width="93" height="71">
        <switch id="162">
          <link type="sensor" ref="5103643">
            <state name="on" value="vol_up.png" />
            <state name="off" value="mute.png" />
          </link>
        </switch>
      </absolute>
      <absolute left="11" top="322" width="71" height="74">
        <button id="160" name="Button" hasControlCommand="true" />
      </absolute>
      <absolute left="98" top="333" width="114" height="50">
        <label id="170" fontSize="14" color="#FF0000" text="Label Text">
          <link type="sensor" ref="5103643">
            <state name="off" value="OFF" />
            <state name="on" value="ON" />
          </link>
        </label>
      </absolute>
    </screen>
    <screen id="150" name="Screen 2">
      <absolute left="80" top="102" width="150" height="50">
        <label id="172" fontSize="14" color="#FFFFFF" text="Label Text">
          <link type="sensor" ref="5103643">
            <state name="off" value="OFF 3" />
            <state name="on" value="ON 3" />
          </link>
        </label>
      </absolute>
    </screen>
  </screens>
  <groups>
    <group id="2" name="GROUP1">
      <tabbar>
        <item name="SCREEN 1">
          <navigate toGroup="2" toScreen="3" />
        </item>
        <item name="SCREEN 2 TO SEE HOW MUCH TEXT I CAN PUT HERE">
          <navigate toGroup="2" toScreen="44" />
        </item>
        <item name="GROUP2">
          <navigate toGroup="54" toScreen="55" />
        </item>
        <item name="SETTINGS">
          <navigate to="setting" />
        </item>
        <item name="Test1" />
        <item name="Test2" />
        <item name="Test3" />
        <item name="Test4" />
      </tabbar>
      <include type="screen" ref="3" />
      <include type="screen" ref="9" />
      <include type="screen" ref="44" />
    </group>
    <group id="54" name="GROUP2">
      <include type="screen" ref="55" />
      <include type="screen" ref="57" />
    </group>
    <group id="35" name="Default Group">
      <include type="screen" ref="36" />
    </group>
    <group id="96" name="Default Group">
      <tabbar>
        <item name="SEARCH" />
        <item name="+" />
        <item name="SETTINGS" />
      </tabbar>
      <include type="screen" ref="103" />
    </group>
    <group id="105" name="Edit Settings">
      <include type="screen" ref="120" />
    </group>
    <group id="106" name="Login Logout">
      <include type="screen" ref="112" />
      <include type="screen" ref="116" />
    </group>
    <group id="111" name="Edit Controller">
      <include type="screen" ref="97" />
    </group>
    <group id="124" name="Panel List">
      <include type="screen" ref="125" />
    </group>
    <group id="134" name="Default Group">
      <include type="screen" ref="137" />
    </group>
    <group id="149" name="Default Group">
      <include type="screen" ref="153" />
    </group>
    <group id="152" name="Group2">
      <include type="screen" ref="150" />
    </group>
  </groups>
</openremote>

