<?xml version="1.0" encoding="UTF-8"?>
<openremote xmlns="http://www.openremote.org" xmlns:xsi="http://www.w3.org/2001/XMLSchema-instance" xsi:schemaLocation="http://www.openremote.org http://www.openremote.org/schemas/panel.xsd">
  <panels>
    <panel id="1" name="Sliders">
      <include type="group" ref="2" />
    </panel>
    <panel id="76" name="test">
      <tabbar>
        <item name="TI1 - G1S1L">
          <navigate toGroup="77" toScreen="80" />
        </item>
        <item name="TI2 - NavG2">
          <navigate toGroup="166" />
          <image src="home.png" />
        </item>
        <item name="TI3 - ActLogout">
          <navigate to="logout" />
          <image src="OpenRemote.Logo.30x32.png" />
        </item>
      </tabbar>
      <include type="group" ref="77" />
      <include type="group" ref="166" />
    </panel>
    <panel id="143" name="RGB">
      <include type="group" ref="144" />
    </panel>
    <panel id="51" name="panel1">
      <include type="group" ref="52" />
    </panel>
    <panel id="97" name="velbus">
      <include type="group" ref="98" />
    </panel>
  </panels>
  <screens>
    <screen id="3" name="No Images" inverseScreenId="11">
      <absolute left="79" top="13" width="150" height="50">
        <label id="17" fontSize="14" color="#FFFFFF" text="No Images" />
      </absolute>
      <absolute left="10" top="52" width="298" height="44">
        <slider id="31" thumbImage="empty.png" passive="true" vertical="false">
          <min value="0" trackImage="slider_off_24px.png" />
          <max value="100" trackImage="slider_on_24px.png" />
        </slider>
      </absolute>
      <absolute left="48" top="143" width="161" height="50">
        <button id="37" name="Button">
          <default>
            <image src="home.png" />
          </default>
          <pressed>
            <image src="power.png" />
          </pressed>
        </button>
      </absolute>
      <absolute left="64" top="266" width="183" height="50">
        <button id="39" name="Test" />
      </absolute>
      <absolute left="149" top="211" width="50" height="50">
        <switch id="65" />
      </absolute>
      <absolute left="130" top="393" width="30" height="32">
        <image id="67" src="OpenRemote.Logo.30x32.png" />
      </absolute>
    </screen>
    <screen id="11" name="No Images" landscape="true" inverseScreenId="3">
      <absolute left="212" top="61" width="44" height="250">
        <slider id="15" vertical="true" passive="true">
          <min value="0" />
          <max value="100" />
        </slider>
      </absolute>
      <absolute left="8" top="10" width="457" height="46">
        <slider id="13" passive="true" vertical="false">
          <min value="0" />
          <max value="100" />
        </slider>
      </absolute>
    </screen>
    <screen id="21" name="Standard Images" inverseScreenId="25">
      <absolute left="10" top="94" width="300" height="44">
        <slider id="24" thumbImage="thumb.png" passive="true" vertical="false">
          <min value="0" image="min.png" trackImage="minTrack3.png" />
          <max value="100" image="max.png" trackImage="maxTrack3.png" />
        </slider>
      </absolute>
      <absolute left="37" top="10" width="232" height="52">
        <label id="22" fontSize="20" color="#FFFFFF" text="Standard Images" />
      </absolute>
      <absolute left="140" top="158" width="44" height="300">
        <slider id="23" thumbImage="thumb.png" vertical="true" passive="true">
          <min value="0" image="vmin.png" trackImage="vminTrack.png" />
          <max value="100" image="vmax.png" trackImage="vmaxTrack.png" />
        </slider>
      </absolute>
    </screen>
    <screen id="25" name="Standard Images" landscape="true" inverseScreenId="21">
      <absolute left="212" top="61" width="44" height="250">
        <slider id="26" thumbImage="thumb.png" vertical="true" passive="true">
          <min value="0" image="vmin.png" trackImage="vminTrack.png" />
          <max value="100" image="vmax.png" trackImage="vmaxTrack.png" />
        </slider>
      </absolute>
      <absolute left="8" top="10" width="457" height="46">
        <slider id="27" thumbImage="thumb.png" passive="true" vertical="false">
          <min value="0" image="min.png" trackImage="minTrack.png" />
          <max value="100" image="max.png" trackImage="maxTrack.png" />
        </slider>
      </absolute>
    </screen>
    <screen id="72" name="Switches">
      <absolute left="24" top="24" width="174" height="124">
        <switch id="75">
          <link type="sensor" ref="251178">
            <state name="on" value="color.wheel.220X223.png" />
            <state name="off" value="max.png" />
          </link>
        </switch>
      </absolute>
    </screen>
    <screen id="78" name="G1S1 - Buttons" inverseScreenId="80">
      <background fillScreen="true">
        <image src="bg320x480.jpg" />
      </background>
      <grid left="60" top="220" width="200" height="200" rows="2" cols="1">
        <cell x="0" y="0" rowspan="1" colspan="1">
          <button id="185" name="B8 - ActPrev">
            <navigate to="previousScreen" />
          </button>
        </cell>
        <cell x="0" y="1" rowspan="1" colspan="1">
          <button id="187" name="B9 - Image" hasControlCommand="true">
            <default>
              <image src="OpenRemote.Logo.30x32.png" />
            </default>
          </button>
        </cell>
      </grid>
      <absolute left="50" top="20" width="50" height="50">
        <button id="86" name="B1 - Images" hasControlCommand="true">
          <default>
            <image src="home.png" />
          </default>
          <pressed>
            <image src="OpenRemote.Logo.30x32.png" />
          </pressed>
        </button>
      </absolute>
      <absolute left="150" top="100" width="50" height="50">
        <button id="183" name="B7 - ActNext">
          <navigate to="nextScreen" />
        </button>
      </absolute>
      <absolute left="100" top="20" width="50" height="50">
        <button id="168" name="B2 - Repeat" hasControlCommand="true" repeat="true" />
      </absolute>
      <absolute left="150" top="20" width="50" height="50">
        <button id="170" name="B3 - NavG1S2">
          <navigate toGroup="77" toScreen="81" />
        </button>
      </absolute>
      <absolute left="200" top="20" width="50" height="50">
        <button id="172" name="B4 - NavG1S1L">
          <navigate toGroup="77" toScreen="80" />
        </button>
      </absolute>
      <absolute left="50" top="100" width="50" height="50">
        <button id="174" name="B5 - Nav G2S1">
          <navigate toGroup="77" toScreen="78" />
        </button>
      </absolute>
      <absolute left="100" top="100" width="50" height="50">
        <button id="181" name="B6 - ActLogin">
          <navigate to="login" />
        </button>
      </absolute>
    </screen>
    <screen id="80" name="G1S1 - Buttons" landscape="true" inverseScreenId="78">
      <grid left="140" top="75" width="200" height="200" rows="2" cols="1">
        <cell x="0" y="1" rowspan="1" colspan="1">
          <button id="195" name="B2 - Empty" />
        </cell>
        <cell x="0" y="0" rowspan="1" colspan="1">
          <button id="193" name="B1 - Empty" />
        </cell>
      </grid>
    </screen>
    <screen id="81" name="G1S2 - Switches">
      <grid left="60" top="220" width="200" height="200" rows="2" cols="1">
        <cell x="0" y="0" rowspan="1" colspan="1">
          <switch id="201">
            <link type="sensor" ref="251178" />
          </switch>
        </cell>
        <cell x="0" y="1" rowspan="1" colspan="1">
          <switch id="203">
            <link type="sensor" ref="251178" />
          </switch>
        </cell>
      </grid>
      <absolute left="75" top="25" width="170" height="50">
        <switch id="199">
          <link type="sensor" ref="251178">
            <state name="on" value="play.png" />
            <state name="off" value="pause.png" />
          </link>
        </switch>
      </absolute>
    </screen>
    <screen id="89" name="G1S3 - Labels">
      <grid left="60" top="220" width="200" height="200" rows="2" cols="1">
        <cell x="0" y="0" rowspan="1" colspan="1">
          <label id="207" fontSize="14" color="#FFFFFF" text="Label Text">
            <link type="sensor" ref="251179">
              <state name="OFF" value="OffState" />
              <state name="ON" value="OnState" />
            </link>
          </label>
        </cell>
        <cell x="0" y="1" rowspan="1" colspan="1">
          <label id="209" fontSize="14" color="#FFFFFF" text="Label Text">
            <link type="sensor" ref="251180" />
          </label>
        </cell>
      </grid>
      <absolute left="20" top="20" width="280" height="80">
        <label id="205" fontSize="14" color="#FFFFFF" text="Label Text">
          <link type="sensor" ref="251189" />
        </label>
      </absolute>
    </screen>
    <screen id="188" name="G1S4 - Images">
      <grid left="60" top="220" width="200" height="200" rows="2" cols="1">
        <cell x="0" y="1" rowspan="1" colspan="1">
          <image id="225" src="OpenRemote.Logo.30x32.png" />
        </cell>
        <cell x="0" y="0" rowspan="1" colspan="1">
          <image id="223" src="OpenRemote.Logo.30x32.png">
            <link type="sensor" ref="251179" />
            <include type="label" ref="259" />
          </image>
        </cell>
      </grid>
      <absolute left="85" top="10" width="150" height="150">
        <image id="211" src="img200x200.jpg">
          <link type="sensor" ref="251179">
            <state name="ON" value="power_pressed_87px.png" />
            <state name="OFF" value="power_unpressed_87px.png" />
          </link>
        </image>
      </absolute>
    </screen>
    <screen id="190" name="G1S5 - Sliders">
      <grid left="60" top="220" width="200" height="200" rows="2" cols="1">
        <cell x="0" y="0" rowspan="1" colspan="1">
          <slider id="231" vertical="false" passive="false">
            <link type="sensor" ref="251177" />
            <min value="0" />
            <max value="255" />
          </slider>
        </cell>
        <cell x="0" y="1" rowspan="1" colspan="1">
          <slider id="233" vertical="false" passive="false">
            <link type="sensor" ref="251177" />
            <min value="0" />
            <max value="255" />
          </slider>
        </cell>
      </grid>
      <absolute left="20" top="10" width="280" height="40">
        <slider id="229" vertical="false" passive="false">
          <link type="sensor" ref="251177" />
          <min value="0" />
          <max value="255" />
        </slider>
      </absolute>
      <absolute left="135" top="55" width="50" height="150">
        <slider id="227" thumbImage="ROTATEthumb.png" vertical="true" passive="false">
          <link type="sensor" ref="251177" />
          <min value="0" image="ROTATEmin.png" trackImage="ROTATEminTrack.png" />
          <max value="255" image="ROTATEmax.png" trackImage="ROTATEmaxTrack.png" />
        </slider>
      </absolute>
    </screen>
    <screen id="178" name="G2S1 - ColorPicker">
      <grid left="60" top="220" width="200" height="200" rows="2" cols="1">
        <cell x="0" y="0" rowspan="1" colspan="1">
          <colorpicker id="237">
            <image src="color.wheel.220X223.png" />
          </colorpicker>
        </cell>
        <cell x="0" y="1" rowspan="1" colspan="1">
          <colorpicker id="239">
            <image src="color.wheel.220X223.png" />
          </colorpicker>
        </cell>
      </grid>
      <absolute left="60" top="20" width="200" height="200">
        <colorpicker id="235">
          <image src="color.wheel.220X223.png" />
        </colorpicker>
      </absolute>
    </screen>
    <screen id="196" name="G2S2 - Mixed">
      <grid left="60" top="220" width="200" height="200" rows="2" cols="1">
        <cell x="0" y="0" rowspan="1" colspan="1">
          <slider id="255" passive="true" vertical="false">
            <min value="0" />
            <max value="100" />
          </slider>
        </cell>
        <cell x="0" y="1" rowspan="1" colspan="1">
          <colorpicker id="257">
            <image src="color.wheel.220X223.png" />
          </colorpicker>
        </cell>
      </grid>
      <absolute left="20" top="10" width="280" height="50">
        <label id="247" fontSize="12" color="#FFFFFF" text="Toggle Switch Below twice to Stop Test" />
      </absolute>
      <absolute left="20" top="60" width="280" height="50">
        <image id="249" src="OpenRemote.Logo.30x32.png" />
      </absolute>
      <absolute left="20" top="110" width="280" height="50">
        <button id="251" name="Button" />
      </absolute>
      <absolute left="20" top="160" width="280" height="50">
        <switch id="253">
          <link type="sensor" ref="251307">
            <state name="on" value="testend.1.png" />
            <state name="off" value="testend.1.png" />
          </link>
        </switch>
      </absolute>
    </screen>
    <screen id="145" name="Starting Screen">
      <grid left="54" top="253" width="200" height="200" rows="4" cols="2">
        <cell x="1" y="0" rowspan="1" colspan="1">
          <label id="150" fontSize="14" color="#FFFFFF" text="Label Text">
            <link type="sensor" ref="251189" />
          </label>
        </cell>
        <cell x="0" y="0" rowspan="1" colspan="1">
          <label id="153" fontSize="14" color="#FFFFFF" text="RGB" />
        </cell>
        <cell x="0" y="1" rowspan="1" colspan="1">
          <label id="155" fontSize="14" color="#FFFFFF" text="Red" />
        </cell>
        <cell x="0" y="2" rowspan="1" colspan="1">
          <label id="157" fontSize="14" color="#FFFFFF" text="Green" />
        </cell>
        <cell x="0" y="3" rowspan="1" colspan="1">
          <label id="159" fontSize="14" color="#FFFFFF" text="Blue" />
        </cell>
        <cell x="1" y="1" rowspan="1" colspan="1">
          <label id="161" fontSize="14" color="#FFFFFF" text="Label Text">
            <link type="sensor" ref="251190" />
          </label>
        </cell>
        <cell x="1" y="2" rowspan="1" colspan="1">
          <label id="163" fontSize="14" color="#FFFFFF" text="Label Text">
            <link type="sensor" ref="251187" />
          </label>
        </cell>
        <cell x="1" y="3" rowspan="1" colspan="1">
          <label id="165" fontSize="14" color="#FFFFFF" text="Label Text">
            <link type="sensor" ref="251188" />
          </label>
        </cell>
      </grid>
      <absolute left="44" top="9" width="220" height="223">
        <colorpicker id="148">
          <image src="color.wheel.220X223.png" />
        </colorpicker>
      </absolute>
    </screen>
    <screen id="53" name="Starting Screen">
      <background absolute="100,0">
        <image src="home.png" />
      </background>
      <absolute left="19" top="179" width="256" height="44">
        <slider id="71" vertical="false" passive="false">
          <link type="sensor" ref="251177" />
          <min value="0" />
          <max value="255" />
        </slider>
      </absolute>
      <absolute left="36" top="55" width="50" height="50">
        <button id="92" name="Button" />
      </absolute>
      <absolute left="136" top="59" width="50" height="50">
        <switch id="94" />
      </absolute>
      <absolute left="103" top="120" width="30" height="32">
        <image id="96" src="OpenRemote.Logo.30x32.png" />
      </absolute>
    </screen>
    <screen id="99" name="Starting Screen">
      <grid left="5" top="80" width="310" height="400" rows="6" cols="3">
        <cell x="0" y="0" rowspan="1" colspan="1">
          <label id="106" fontSize="14" color="#FFFFFF" text="Counter1" />
        </cell>
        <cell x="0" y="1" rowspan="1" colspan="1">
          <label id="108" fontSize="14" color="#FFFFFF" text="Counter 1 Instant" />
        </cell>
        <cell x="0" y="2" rowspan="1" colspan="1">
          <label id="110" fontSize="14" color="#FFFFFF" text="Counter 2" />
        </cell>
        <cell x="0" y="3" rowspan="1" colspan="1">
          <label id="112" fontSize="14" color="#FFFFFF" text="Counter 2 Instant" />
        </cell>
        <cell x="0" y="4" rowspan="1" colspan="1">
          <label id="114" fontSize="14" color="#FFFFFF" text="Counter 3" />
        </cell>
        <cell x="0" y="5" rowspan="1" colspan="1">
          <label id="116" fontSize="14" color="#FFFFFF" text="Counter 3 Instant" />
        </cell>
        <cell x="1" y="0" rowspan="1" colspan="1">
          <label id="118" fontSize="14" color="#FFFFFF" text="Label Text">
            <link type="sensor" ref="251184" />
          </label>
        </cell>
        <cell x="1" y="1" rowspan="1" colspan="1">
          <label id="120" fontSize="14" color="#FFFFFF" text="Label Text">
            <link type="sensor" ref="251181" />
          </label>
        </cell>
        <cell x="1" y="2" rowspan="1" colspan="1">
          <label id="122" fontSize="14" color="#FFFFFF" text="Label Text">
            <link type="sensor" ref="251186" />
          </label>
        </cell>
        <cell x="1" y="3" rowspan="1" colspan="1">
          <label id="124" fontSize="14" color="#FFFFFF" text="Label Text">
            <link type="sensor" ref="251183" />
          </label>
        </cell>
        <cell x="1" y="4" rowspan="1" colspan="1">
          <label id="126" fontSize="14" color="#FFFFFF" text="Label Text">
            <link type="sensor" ref="251182" />
          </label>
        </cell>
        <cell x="1" y="5" rowspan="1" colspan="1">
          <label id="128" fontSize="14" color="#FFFFFF" text="Label Text">
            <link type="sensor" ref="251185" />
          </label>
        </cell>
        <cell x="2" y="0" rowspan="1" colspan="1">
          <label id="130" fontSize="14" color="#FFFFFF" text="KWh" />
        </cell>
        <cell x="2" y="1" rowspan="1" colspan="1">
          <label id="132" fontSize="14" color="#FFFFFF" text="W" />
        </cell>
        <cell x="2" y="2" rowspan="1" colspan="1">
          <label id="134" fontSize="14" color="#FFFFFF" text="m3" />
        </cell>
        <cell x="2" y="3" rowspan="1" colspan="1">
          <label id="136" fontSize="14" color="#FFFFFF" text="m3/h" />
        </cell>
        <cell x="2" y="4" rowspan="1" colspan="1">
          <label id="138" fontSize="14" color="#FFFFFF" text="L" />
        </cell>
        <cell x="2" y="5" rowspan="1" colspan="1">
          <label id="142" fontSize="14" color="#FFFFFF" text="L/h" />
        </cell>
      </grid>
      <absolute left="80" top="0" width="150" height="50">
        <label id="102" fontSize="14" color="#FFFFFF" text="VMB7IN (Add. 10)" />
      </absolute>
    </screen>
  </screens>
  <groups>
    <group id="2" name="Default Group">
      <include type="screen" ref="3" />
      <include type="screen" ref="11" />
      <include type="screen" ref="21" />
      <include type="screen" ref="25" />
      <include type="screen" ref="72" />
    </group>
    <group id="77" name="G1">
      <include type="screen" ref="78" />
      <include type="screen" ref="80" />
      <include type="screen" ref="81" />
      <include type="screen" ref="89" />
      <include type="screen" ref="188" />
      <include type="screen" ref="190" />
    </group>
    <group id="166" name="G2">
      <tabbar>
        <item name="TI1 - NavG1S1">
          <navigate toGroup="77" toScreen="78" />
        </item>
      </tabbar>
      <include type="screen" ref="178" />
      <include type="screen" ref="196" />
    </group>
    <group id="144" name="Default Group">
      <include type="screen" ref="145" />
    </group>
    <group id="52" name="Default Group">
      <include type="screen" ref="53" />
    </group>
    <group id="98" name="Default Group">
      <include type="screen" ref="99" />
    </group>
  </groups>
</openremote>

