<?xml version="1.0" ?><org.openremote.modeler.client.utils.PanelsAndMaxOid><oid>0</oid><panels class="set"><panel><oid>1</oid><name>Sliders</name><groupRefs><group><oid>0</oid><group><oid>2</oid><refCount>1</refCount><name>Default Group</name><screenRefs><screenPair><oid>0</oid><screen><oid>4</oid><refCount>1</refCount><orientation>BOTH</orientation><portraitScreen><oid>3</oid><name>No Images</name><absolutes><absolute><oid>16</oid><left>79</left><top>13</top><width>150</width><height>50</height><uiComponent class="org.openremote.modeler.domain.component.UILabel"><oid>17</oid><text>No Images</text><color>FFFFFF</color><fontSize>14</fontSize></uiComponent></absolute><absolute><oid>30</oid><left>10</left><top>52</top><width>298</width><height>44</height><uiComponent class="org.openremote.modeler.domain.component.UISlider"><oid>31</oid><vertical>false</vertical><thumbImage><oid>0</oid><src>modeler_tmp/391/empty.png</src></thumbImage><minImage><oid>0</oid><src>./resources/images/custom/slider/min.png</src></minImage><minTrackImage><oid>0</oid><src>modeler_tmp/391/slider_off_24px.png</src></minTrackImage><maxImage><oid>0</oid><src>./resources/images/custom/slider/max.png</src></maxImage><maxTrackImage><oid>0</oid><src>modeler_tmp/391/slider_on_24px.png</src></maxTrackImage><sliderDTO><displayName>ValSlider</displayName><commandName>SetVal (TCP TEST)</commandName><sensorName>ValSensor</sensorName><deviceName>TCP TEST</deviceName></sliderDTO></uiComponent></absolute><absolute><oid>36</oid><left>48</left><top>143</top><width>161</width><height>50</height><uiComponent class="org.openremote.modeler.domain.component.UIButton"><oid>37</oid><name>Button</name><repeate>false</repeate><image><oid>0</oid><src>modeler_tmp/391/home.png</src></image><pressImage><oid>0</oid><src>modeler_tmp/391/power.png</src></pressImage><navigate><oid>0</oid><toScreen>-1</toScreen><toGroup>-1</toGroup></navigate></uiComponent></absolute><absolute><oid>38</oid><left>64</left><top>266</top><width>183</width><height>50</height><uiComponent class="org.openremote.modeler.domain.component.UIButton"><oid>39</oid><name>Test</name><repeate>false</repeate><navigate><oid>0</oid><toScreen>-1</toScreen><toGroup>-1</toGroup></navigate></uiComponent></absolute><absolute><oid>64</oid><left>149</left><top>211</top><width>50</width><height>50</height><uiComponent class="org.openremote.modeler.domain.component.UISwitch"><oid>65</oid></uiComponent></absolute><absolute><oid>66</oid><left>130</left><top>393</top><width>30</width><height>32</height><uiComponent class="org.openremote.modeler.domain.component.UIImage"><oid>67</oid><imageSource><oid>0</oid><src>image/OpenRemote.Logo.30x32.png</src></imageSource></uiComponent></absolute></absolutes><grids></grids><touchPanelDefinition><type>iPhone</type><name>iPhone</name><bgImage>resources/images/iphone_background.png</bgImage><width>414</width><height>770</height><paddingLeft>47</paddingLeft><paddingTop>139</paddingTop><canvas><width>320</width><height>480</height></canvas><horizontalDefinition><type>iPhone</type><name>iPhone</name><bgImage>resources/images/iphone_background_h.png</bgImage><width>770</width><height>414</height><paddingLeft>139</paddingLeft><paddingTop>47</paddingTop><canvas><width>480</width><height>320</height></canvas><tabbarDefinition><height>44</height><background><oid>0</oid><src>resources/images/iphone_tabbar_bg.png</src></background></tabbarDefinition></horizontalDefinition><tabbarDefinition reference="../horizontalDefinition/tabbarDefinition"></tabbarDefinition></touchPanelDefinition><background><oid>0</oid><imageSource><oid>0</oid><src></src></imageSource><fillScreen>true</fillScreen><absolute>false</absolute><left>0</left><top>0</top><width>0</width><height>0</height><relatedType>TOP_LEFT</relatedType></background><gestures></gestures><hasTabbar>false</hasTabbar><isLandscape>false</isLandscape><inverseScreenId>11</inverseScreenId><screenPair reference="../.."></screenPair></portraitScreen><landscapeScreen><oid>11</oid><name>No Images</name><absolutes><absolute><oid>14</oid><left>212</left><top>61</top><width>44</width><height>250</height><uiComponent class="org.openremote.modeler.domain.component.UISlider"><oid>15</oid><vertical>true</vertical><thumbImage><oid>0</oid><src>./resources/images/custom/slider/vthumb.png</src></thumbImage><minImage><oid>0</oid><src>./resources/images/custom/slider/vmin.png</src></minImage><minTrackImage><oid>0</oid><src>./resources/images/custom/slider/vminTrack.png</src></minTrackImage><maxImage><oid>0</oid><src>./resources/images/custom/slider/vmax.png</src></maxImage><maxTrackImage><oid>0</oid><src>./resources/images/custom/slider/vmaxTrack.png</src></maxTrackImage></uiComponent></absolute><absolute><oid>12</oid><left>8</left><top>10</top><width>457</width><height>46</height><uiComponent class="org.openremote.modeler.domain.component.UISlider"><oid>13</oid><vertical>false</vertical><thumbImage><oid>0</oid><src>./resources/images/custom/slider/thumb.png</src></thumbImage><minImage><oid>0</oid><src>./resources/images/custom/slider/min.png</src></minImage><minTrackImage><oid>0</oid><src>./resources/images/custom/slider/minTrack.png</src></minTrackImage><maxImage><oid>0</oid><src>./resources/images/custom/slider/max.png</src></maxImage><maxTrackImage><oid>0</oid><src>./resources/images/custom/slider/maxTrack.png</src></maxTrackImage></uiComponent></absolute></absolutes><grids></grids><touchPanelDefinition reference="../../portraitScreen/touchPanelDefinition/horizontalDefinition"></touchPanelDefinition><background><oid>0</oid><imageSource><oid>0</oid><src></src></imageSource><fillScreen>true</fillScreen><absolute>false</absolute><left>0</left><top>0</top><width>0</width><height>0</height><relatedType>TOP_LEFT</relatedType></background><gestures></gestures><hasTabbar>false</hasTabbar><isLandscape>true</isLandscape><inverseScreenId>3</inverseScreenId><screenPair reference="../.."></screenPair></landscapeScreen><touchPanelDefinition reference="../portraitScreen/touchPanelDefinition"></touchPanelDefinition><parentGroup reference="../../../.."></parentGroup></screen><group reference="../../.."></group><touchPanelDefinition reference="../screen/portraitScreen/touchPanelDefinition"></touchPanelDefinition></screenPair><screenPair><oid>29</oid><screen><oid>28</oid><refCount>1</refCount><orientation>BOTH</orientation><portraitScreen><oid>21</oid><name>Standard Images</name><absolutes><absolute><oid>0</oid><left>10</left><top>94</top><width>300</width><height>44</height><uiComponent class="org.openremote.modeler.domain.component.UISlider"><oid>24</oid><vertical>false</vertical><thumbImage><oid>0</oid><src>modeler_tmp/391/thumb.png</src></thumbImage><minImage><oid>0</oid><src>modeler_tmp/391/min.png</src></minImage><minTrackImage><oid>0</oid><src>modeler_tmp/391/minTrack3.png</src></minTrackImage><maxImage><oid>0</oid><src>modeler_tmp/391/max.png</src></maxImage><maxTrackImage><oid>0</oid><src>modeler_tmp/391/maxTrack3.png</src></maxTrackImage></uiComponent></absolute><absolute><oid>0</oid><left>37</left><top>10</top><width>232</width><height>52</height><uiComponent class="org.openremote.modeler.domain.component.UILabel"><oid>22</oid><text>Standard Images</text><color>FFFFFF</color><fontSize>20</fontSize></uiComponent></absolute><absolute><oid>0</oid><left>140</left><top>158</top><width>44</width><height>300</height><uiComponent class="org.openremote.modeler.domain.component.UISlider"><oid>23</oid><vertical>true</vertical><thumbImage><oid>0</oid><src>modeler_tmp/391/thumb.png</src></thumbImage><minImage><oid>0</oid><src>modeler_tmp/391/vmin.png</src></minImage><minTrackImage><oid>0</oid><src>modeler_tmp/391/vminTrack.png</src></minTrackImage><maxImage><oid>0</oid><src>modeler_tmp/391/vmax.png</src></maxImage><maxTrackImage><oid>0</oid><src>modeler_tmp/391/vmaxTrack.png</src></maxTrackImage></uiComponent></absolute></absolutes><grids></grids><touchPanelDefinition reference="../../../../screenPair/screen/portraitScreen/touchPanelDefinition"></touchPanelDefinition><background><oid>0</oid><imageSource><oid>0</oid><src></src></imageSource><fillScreen>true</fillScreen><absolute>false</absolute><left>0</left><top>0</top><width>0</width><height>0</height><relatedType>TOP_LEFT</relatedType></background><gestures></gestures><hasTabbar>false</hasTabbar><isLandscape>false</isLandscape><inverseScreenId>25</inverseScreenId><screenPair reference="../.."></screenPair></portraitScreen><landscapeScreen><oid>25</oid><name>Standard Images</name><absolutes><absolute><oid>0</oid><left>212</left><top>61</top><width>44</width><height>250</height><uiComponent class="org.openremote.modeler.domain.component.UISlider"><oid>26</oid><vertical>true</vertical><thumbImage><oid>0</oid><src>modeler_tmp/391/thumb.png</src></thumbImage><minImage><oid>0</oid><src>modeler_tmp/391/vmin.png</src></minImage><minTrackImage><oid>0</oid><src>modeler_tmp/391/vminTrack.png</src></minTrackImage><maxImage><oid>0</oid><src>modeler_tmp/391/vmax.png</src></maxImage><maxTrackImage><oid>0</oid><src>modeler_tmp/391/vmaxTrack.png</src></maxTrackImage></uiComponent></absolute><absolute><oid>0</oid><left>8</left><top>10</top><width>457</width><height>46</height><uiComponent class="org.openremote.modeler.domain.component.UISlider"><oid>27</oid><vertical>false</vertical><thumbImage><oid>0</oid><src>modeler_tmp/391/thumb.png</src></thumbImage><minImage><oid>0</oid><src>modeler_tmp/391/min.png</src></minImage><minTrackImage><oid>0</oid><src>modeler_tmp/391/minTrack.png</src></minTrackImage><maxImage><oid>0</oid><src>modeler_tmp/391/max.png</src></maxImage><maxTrackImage><oid>0</oid><src>modeler_tmp/391/maxTrack.png</src></maxTrackImage></uiComponent></absolute></absolutes><grids></grids><touchPanelDefinition reference="../../../../screenPair/screen/portraitScreen/touchPanelDefinition/horizontalDefinition"></touchPanelDefinition><background><oid>0</oid><imageSource><oid>0</oid><src></src></imageSource><fillScreen>true</fillScreen><absolute>false</absolute><left>0</left><top>0</top><width>0</width><height>0</height><relatedType>TOP_LEFT</relatedType></background><gestures></gestures><hasTabbar>false</hasTabbar><isLandscape>true</isLandscape><inverseScreenId>21</inverseScreenId><screenPair reference="../.."></screenPair></landscapeScreen><touchPanelDefinition reference="../../../screenPair/screen/portraitScreen/touchPanelDefinition"></touchPanelDefinition><parentGroup reference="../../../.."></parentGroup></screen><group reference="../../.."></group><touchPanelDefinition reference="../../screenPair/screen/portraitScreen/touchPanelDefinition"></touchPanelDefinition></screenPair><screenPair><oid>0</oid><screen><oid>73</oid><refCount>1</refCount><orientation>PORTRAIT</orientation><portraitScreen><oid>72</oid><name>Switches</name><absolutes><absolute><oid>74</oid><left>24</left><top>24</top><width>174</width><height>124</height><uiComponent class="org.openremote.modeler.domain.component.UISwitch"><oid>75</oid><onImage><oid>0</oid><src>modeler_tmp/391/color.wheel.220X223.png</src></onImage><offImage><oid>0</oid><src>modeler_tmp/391/max.png</src></offImage><switchDTO><displayName>SWITCH1</displayName><onCommandName>SWITCH ON (SWITCH TEST)</onCommandName><offCommandName>SWITCH OFF (SWITCH TEST)</offCommandName><sensorName>SWITCH1</sensorName><deviceName>SWITCH TEST</deviceName><oid>39649</oid></switchDTO></uiComponent></absolute></absolutes><grids></grids><touchPanelDefinition reference="../../../../screenPair/screen/portraitScreen/touchPanelDefinition"></touchPanelDefinition><background><oid>0</oid><imageSource><oid>0</oid><src></src></imageSource><fillScreen>true</fillScreen><absolute>false</absolute><left>0</left><top>0</top><width>0</width><height>0</height><relatedType>TOP_LEFT</relatedType></background><gestures></gestures><hasTabbar>false</hasTabbar><isLandscape>false</isLandscape><inverseScreenId>0</inverseScreenId><screenPair reference="../.."></screenPair></portraitScreen><touchPanelDefinition reference="../../../screenPair/screen/portraitScreen/touchPanelDefinition"></touchPanelDefinition><parentGroup reference="../../../.."></parentGroup></screen><group reference="../../.."></group><touchPanelDefinition reference="../../screenPair/screen/portraitScreen/touchPanelDefinition"></touchPanelDefinition></screenPair></screenRefs><tabbarItems></tabbarItems><parentPanel reference="../../../.."></parentPanel></group><panel reference="../../.."></panel></group></groupRefs><tabbarItems></tabbarItems><touchPanelDefinition reference="../groupRefs/group/group/screenRefs/screenPair/screen/portraitScreen/touchPanelDefinition"></touchPanelDefinition></panel><panel><oid>76</oid><name>test</name><groupRefs><group><oid>0</oid><group><oid>77</oid><refCount>1</refCount><name>G1</name><screenRefs><screenPair><oid>0</oid><screen><oid>79</oid><refCount>1</refCount><orientation>BOTH</orientation><portraitScreen><oid>78</oid><name>G1S1 - Buttons</name><absolutes><absolute><oid>85</oid><left>50</left><top>20</top><width>50</width><height>50</height><uiComponent class="org.openremote.modeler.domain.component.UIButton"><oid>86</oid><name>B1 - Images</name><repeate>false</repeate><image><oid>0</oid><src>modeler_tmp/391/home.png</src></image><pressImage><oid>0</oid><src>modeler_tmp/391/OpenRemote.Logo.30x32.png</src></pressImage><navigate><oid>0</oid><toScreen>-1</toScreen><toGroup>-1</toGroup></navigate><uiCommandDTO class="org.openremote.modeler.shared.dto.DeviceCommandDTO"><displayName>ButtonPressOn</displayName><fullyQualifiedName>ButtonPressOn (BUTTON TEST)</fullyQualifiedName><protocolType>In-memory Virtual Command</protocolType><oid>428994</oid></uiCommandDTO></uiComponent></absolute><absolute><oid>212</oid><left>150</left><top>100</top><width>50</width><height>50</height><uiComponent class="org.openremote.modeler.domain.component.UIButton"><oid>183</oid><name>B7 - ActNext</name><repeate>false</repeate><navigate><oid>0</oid><toScreen>-1</toScreen><toGroup>-1</toGroup><toLogical>nextScreen</toLogical></navigate></uiComponent></absolute><absolute><oid>167</oid><left>100</left><top>20</top><width>50</width><height>50</height><uiComponent class="org.openremote.modeler.domain.component.UIButton"><oid>168</oid><name>B2 - Repeat</name><repeate>true</repeate><navigate><oid>0</oid><toScreen>-1</toScreen><toGroup>-1</toGroup></navigate><uiCommandDTO class="org.openremote.modeler.shared.dto.DeviceCommandDTO"><displayName>ButtonPressOff</displayName><fullyQualifiedName>ButtonPressOff (BUTTON TEST)</fullyQualifiedName><protocolType>In-memory Virtual Command</protocolType><oid>428992</oid></uiCommandDTO></uiComponent></absolute><absolute><oid>242</oid><left>150</left><top>20</top><width>50</width><height>50</height><uiComponent class="org.openremote.modeler.domain.component.UIButton"><oid>170</oid><name>B3 - NavG1S2</name><repeate>false</repeate><navigate><oid>0</oid><toScreen>81</toScreen><toGroup>77</toGroup></navigate></uiComponent></absolute><absolute><oid>243</oid><left>200</left><top>20</top><width>50</width><height>50</height><uiComponent class="org.openremote.modeler.domain.component.UIButton"><oid>172</oid><name>B4 - NavG1S1L</name><repeate>false</repeate><navigate><oid>0</oid><toScreen>80</toScreen><toGroup>77</toGroup></navigate></uiComponent></absolute><absolute><oid>240</oid><left>50</left><top>100</top><width>50</width><height>50</height><uiComponent class="org.openremote.modeler.domain.component.UIButton"><oid>174</oid><name>B5 - Nav G2S1</name><repeate>false</repeate><navigate><oid>0</oid><toScreen>78</toScreen><toGroup>77</toGroup></navigate></uiComponent></absolute><absolute><oid>241</oid><left>100</left><top>100</top><width>50</width><height>50</height><uiComponent class="org.openremote.modeler.domain.component.UIButton"><oid>181</oid><name>B6 - ActLogin</name><repeate>false</repeate><navigate><oid>0</oid><toScreen>-1</toScreen><toGroup>-1</toGroup><toLogical>login</toLogical></navigate></uiComponent></absolute></absolutes><grids><org.openremote.modeler.domain.component.UIGrid><oid>0</oid><left>60</left><top>220</top><width>200</width><height>200</height><rowCount>2</rowCount><columnCount>1</columnCount><cells><org.openremote.modeler.domain.Cell><oid>244</oid><posX>0</posX><posY>0</posY><rowspan>1</rowspan><colspan>1</colspan><uiComponent class="org.openremote.modeler.domain.component.UIButton"><oid>185</oid><name>B8 - ActPrev</name><repeate>false</repeate><navigate><oid>0</oid><toScreen>-1</toScreen><toGroup>-1</toGroup><toLogical>previousScreen</toLogical></navigate></uiComponent></org.openremote.modeler.domain.Cell><org.openremote.modeler.domain.Cell><oid>245</oid><posX>0</posX><posY>1</posY><rowspan>1</rowspan><colspan>1</colspan><uiComponent class="org.openremote.modeler.domain.component.UIButton"><oid>187</oid><name>B9 - Image</name><repeate>false</repeate><image><oid>0</oid><src>modeler_tmp/391/OpenRemote.Logo.30x32.png</src></image><navigate><oid>0</oid><toScreen>-1</toScreen><toGroup>-1</toGroup></navigate><uiCommandDTO class="org.openremote.modeler.shared.dto.DeviceCommandDTO"><displayName>ButtonPressOn</displayName><fullyQualifiedName>ButtonPressOn (BUTTON TEST)</fullyQualifiedName><protocolType>In-memory Virtual Command</protocolType><oid>428994</oid></uiCommandDTO></uiComponent></org.openremote.modeler.domain.Cell></cells></org.openremote.modeler.domain.component.UIGrid></grids><touchPanelDefinition><type>Android</type><name>Android</name><bgImage>resources/images/android_emulator.png</bgImage><width>370</width><height>729</height><paddingLeft>25</paddingLeft><paddingTop>93</paddingTop><canvas><width>320</width><height>480</height></canvas><horizontalDefinition><type>Android</type><name>Android</name><bgImage>resources/images/android_emulator_h.png</bgImage><width>729</width><height>370</height><paddingLeft>93</paddingLeft><paddingTop>25</paddingTop><canvas><width>480</width><height>320</height></canvas><tabbarDefinition><height>44</height><background><oid>0</oid><src>resources/images/iphone_tabbar_bg.png</src></background></tabbarDefinition></horizontalDefinition><tabbarDefinition reference="../horizontalDefinition/tabbarDefinition"></tabbarDefinition></touchPanelDefinition><background><oid>0</oid><imageSource><oid>0</oid><src>modeler_tmp/391/bg320x480.jpg</src></imageSource><fillScreen>true</fillScreen><absolute>false</absolute><left>0</left><top>0</top><width>0</width><height>0</height><relatedType>TOP_LEFT</relatedType></background><gestures></gestures><hasTabbar>false</hasTabbar><isLandscape>false</isLandscape><inverseScreenId>80</inverseScreenId><screenPair reference="../.."></screenPair></portraitScreen><landscapeScreen><oid>80</oid><name>G1S1 - Buttons</name><absolutes></absolutes><grids><org.openremote.modeler.domain.component.UIGrid><oid>0</oid><left>140</left><top>75</top><width>200</width><height>200</height><rowCount>2</rowCount><columnCount>1</columnCount><cells><org.openremote.modeler.domain.Cell><oid>260</oid><posX>0</posX><posY>1</posY><rowspan>1</rowspan><colspan>1</colspan><uiComponent class="org.openremote.modeler.domain.component.UIButton"><oid>195</oid><name>B2 - Empty</name><repeate>false</repeate><navigate><oid>0</oid><toScreen>-1</toScreen><toGroup>-1</toGroup></navigate></uiComponent></org.openremote.modeler.domain.Cell><org.openremote.modeler.domain.Cell><oid>263</oid><posX>0</posX><posY>0</posY><rowspan>1</rowspan><colspan>1</colspan><uiComponent class="org.openremote.modeler.domain.component.UIButton"><oid>193</oid><name>B1 - Empty</name><repeate>false</repeate><navigate><oid>0</oid><toScreen>-1</toScreen><toGroup>-1</toGroup></navigate></uiComponent></org.openremote.modeler.domain.Cell></cells></org.openremote.modeler.domain.component.UIGrid></grids><touchPanelDefinition reference="../../portraitScreen/touchPanelDefinition/horizontalDefinition"></touchPanelDefinition><background><oid>0</oid><imageSource><oid>0</oid><src></src></imageSource><fillScreen>true</fillScreen><absolute>false</absolute><left>0</left><top>0</top><width>0</width><height>0</height><relatedType>TOP_LEFT</relatedType></background><gestures></gestures><hasTabbar>false</hasTabbar><isLandscape>true</isLandscape><inverseScreenId>78</inverseScreenId><screenPair reference="../.."></screenPair></landscapeScreen><touchPanelDefinition reference="../portraitScreen/touchPanelDefinition"></touchPanelDefinition><parentGroup reference="../../../.."></parentGroup></screen><group reference="../../.."></group><touchPanelDefinition reference="../screen/portraitScreen/touchPanelDefinition"></touchPanelDefinition></screenPair><screenPair><oid>0</oid><screen><oid>82</oid><refCount>1</refCount><orientation>PORTRAIT</orientation><portraitScreen><oid>81</oid><name>G1S2 - Switches</name><absolutes><absolute><oid>198</oid><left>75</left><top>25</top><width>170</width><height>50</height><uiComponent class="org.openremote.modeler.domain.component.UISwitch"><oid>199</oid><onImage><oid>0</oid><src>modeler_tmp/391/play.png</src></onImage><offImage><oid>0</oid><src>modeler_tmp/391/pause.png</src></offImage><switchDTO><displayName>SWITCH1</displayName><onCommandName>SWITCH ON (SWITCH TEST)</onCommandName><offCommandName>SWITCH OFF (SWITCH TEST)</offCommandName><sensorName>SWITCH1</sensorName><deviceName>SWITCH TEST</deviceName><oid>39649</oid></switchDTO></uiComponent></absolute></absolutes><grids><org.openremote.modeler.domain.component.UIGrid><oid>0</oid><left>60</left><top>220</top><width>200</width><height>200</height><rowCount>2</rowCount><columnCount>1</columnCount><cells><org.openremote.modeler.domain.Cell><oid>200</oid><posX>0</posX><posY>0</posY><rowspan>1</rowspan><colspan>1</colspan><uiComponent class="org.openremote.modeler.domain.component.UISwitch"><oid>201</oid><switchDTO><displayName>SWITCH1</displayName><onCommandName>SWITCH ON (SWITCH TEST)</onCommandName><offCommandName>SWITCH OFF (SWITCH TEST)</offCommandName><sensorName>SWITCH1</sensorName><deviceName>SWITCH TEST</deviceName><oid>39649</oid></switchDTO></uiComponent></org.openremote.modeler.domain.Cell><org.openremote.modeler.domain.Cell><oid>202</oid><posX>0</posX><posY>1</posY><rowspan>1</rowspan><colspan>1</colspan><uiComponent class="org.openremote.modeler.domain.component.UISwitch"><oid>203</oid><switchDTO><displayName>SWITCH1</displayName><onCommandName>SWITCH ON (SWITCH TEST)</onCommandName><offCommandName>SWITCH OFF (SWITCH TEST)</offCommandName><sensorName>SWITCH1</sensorName><deviceName>SWITCH TEST</deviceName><oid>39649</oid></switchDTO></uiComponent></org.openremote.modeler.domain.Cell></cells></org.openremote.modeler.domain.component.UIGrid></grids><touchPanelDefinition reference="../../../../screenPair/screen/portraitScreen/touchPanelDefinition"></touchPanelDefinition><background><oid>0</oid><imageSource><oid>0</oid><src></src></imageSource><fillScreen>true</fillScreen><absolute>false</absolute><left>0</left><top>0</top><width>0</width><height>0</height><relatedType>TOP_LEFT</relatedType></background><gestures></gestures><hasTabbar>false</hasTabbar><isLandscape>false</isLandscape><inverseScreenId>0</inverseScreenId><screenPair reference="../.."></screenPair></portraitScreen><touchPanelDefinition reference="../../../screenPair/screen/portraitScreen/touchPanelDefinition"></touchPanelDefinition><parentGroup reference="../../../.."></parentGroup></screen><group reference="../../.."></group><touchPanelDefinition reference="../../screenPair/screen/portraitScreen/touchPanelDefinition"></touchPanelDefinition></screenPair><screenPair><oid>0</oid><screen><oid>90</oid><refCount>1</refCount><orientation>PORTRAIT</orientation><portraitScreen><oid>89</oid><name>G1S3 - Labels</name><absolutes><absolute><oid>204</oid><left>20</left><top>20</top><width>280</width><height>80</height><uiComponent class="org.openremote.modeler.domain.component.UILabel"><oid>205</oid><text>Label Text</text><color>FFFFFF</color><fontSize>14</fontSize><sensorDTO><displayName>RGB_Status</displayName><type>CUSTOM</type><commandName>RGB_Status (COLOR TEST)</commandName><stateNames></stateNames><oid>151189</oid></sensorDTO><sensorLink><oid>0</oid><sensorDTO reference="../../sensorDTO"></sensorDTO><linkerChildren></linkerChildren></sensorLink></uiComponent></absolute></absolutes><grids><org.openremote.modeler.domain.component.UIGrid><oid>0</oid><left>60</left><top>220</top><width>200</width><height>200</height><rowCount>2</rowCount><columnCount>1</columnCount><cells><org.openremote.modeler.domain.Cell><oid>206</oid><posX>0</posX><posY>0</posY><rowspan>1</rowspan><colspan>1</colspan><uiComponent class="org.openremote.modeler.domain.component.UILabel"><oid>207</oid><text>Label Text</text><color>FFFFFF</color><fontSize>14</fontSize><sensorDTO><displayName>ButonStatusCustom</displayName><type>CUSTOM</type><commandName>ButtonStatus (BUTTON TEST)</commandName><stateNames><string>ON</string><string>OFF</string></stateNames><oid>151179</oid></sensorDTO><sensorLink><oid>0</oid><sensorDTO reference="../../sensorDTO"></sensorDTO><linkerChildren><org.openremote.modeler.client.utils.SensorLink_-LinkerChild><oid>0</oid><childName>state</childName><attributes><entry><string>name</string><string>OFF</string></entry><entry><string>value</string><string>OffState</string></entry></attributes></org.openremote.modeler.client.utils.SensorLink_-LinkerChild><org.openremote.modeler.client.utils.SensorLink_-LinkerChild><oid>0</oid><childName>state</childName><attributes><entry><string>name</string><string>ON</string></entry><entry><string>value</string><string>OnState</string></entry></attributes></org.openremote.modeler.client.utils.SensorLink_-LinkerChild></linkerChildren></sensorLink></uiComponent></org.openremote.modeler.domain.Cell><org.openremote.modeler.domain.Cell><oid>208</oid><posX>0</posX><posY>1</posY><rowspan>1</rowspan><colspan>1</colspan><uiComponent class="org.openremote.modeler.domain.component.UILabel"><oid>209</oid><text>Label Text</text><color>FFFFFF</color><fontSize>14</fontSize><sensorDTO><displayName>ButtonStatus</displayName><type>CUSTOM</type><commandName>ButtonStatus (BUTTON TEST)</commandName><stateNames></stateNames><oid>151180</oid></sensorDTO><sensorLink><oid>0</oid><sensorDTO reference="../../sensorDTO"></sensorDTO><linkerChildren></linkerChildren></sensorLink></uiComponent></org.openremote.modeler.domain.Cell></cells></org.openremote.modeler.domain.component.UIGrid></grids><touchPanelDefinition reference="../../../../screenPair/screen/portraitScreen/touchPanelDefinition"></touchPanelDefinition><background><oid>0</oid><imageSource><oid>0</oid><src></src></imageSource><fillScreen>true</fillScreen><absolute>false</absolute><left>0</left><top>0</top><width>0</width><height>0</height><relatedType>TOP_LEFT</relatedType></background><gestures></gestures><hasTabbar>false</hasTabbar><isLandscape>false</isLandscape><inverseScreenId>0</inverseScreenId><screenPair reference="../.."></screenPair></portraitScreen><touchPanelDefinition reference="../../../screenPair/screen/portraitScreen/touchPanelDefinition"></touchPanelDefinition><parentGroup reference="../../../.."></parentGroup></screen><group reference="../../.."></group><touchPanelDefinition reference="../../screenPair/screen/portraitScreen/touchPanelDefinition"></touchPanelDefinition></screenPair><screenPair><oid>0</oid><screen><oid>189</oid><refCount>1</refCount><orientation>PORTRAIT</orientation><portraitScreen><oid>188</oid><name>G1S4 - Images</name><absolutes><absolute><oid>210</oid><left>85</left><top>10</top><width>150</width><height>150</height><uiComponent class="org.openremote.modeler.domain.component.UIImage"><oid>211</oid><imageSource><oid>0</oid><src>modeler_tmp/391/img200x200.jpg</src></imageSource><sensorDTO><displayName>ButonStatusCustom</displayName><type>CUSTOM</type><commandName>ButtonStatus (BUTTON TEST)</commandName><stateNames><string>ON</string><string>OFF</string></stateNames><oid>151179</oid></sensorDTO><sensorLink><oid>0</oid><sensorDTO reference="../../sensorDTO"></sensorDTO><linkerChildren><org.openremote.modeler.client.utils.SensorLink_-LinkerChild><oid>0</oid><childName>state</childName><attributes><entry><string>name</string><string>ON</string></entry><entry><string>value</string><string>power_pressed_87px.png</string></entry></attributes></org.openremote.modeler.client.utils.SensorLink_-LinkerChild><org.openremote.modeler.client.utils.SensorLink_-LinkerChild><oid>0</oid><childName>state</childName><attributes><entry><string>name</string><string>OFF</string></entry><entry><string>value</string><string>power_unpressed_87px.png</string></entry></attributes></org.openremote.modeler.client.utils.SensorLink_-LinkerChild></linkerChildren></sensorLink></uiComponent></absolute></absolutes><grids><org.openremote.modeler.domain.component.UIGrid><oid>0</oid><left>60</left><top>220</top><width>200</width><height>200</height><rowCount>2</rowCount><columnCount>1</columnCount><cells><org.openremote.modeler.domain.Cell><oid>224</oid><posX>0</posX><posY>1</posY><rowspan>1</rowspan><colspan>1</colspan><uiComponent class="org.openremote.modeler.domain.component.UIImage"><oid>225</oid><imageSource><oid>0</oid><src>image/OpenRemote.Logo.30x32.png</src></imageSource></uiComponent></org.openremote.modeler.domain.Cell><org.openremote.modeler.domain.Cell><oid>222</oid><posX>0</posX><posY>0</posY><rowspan>1</rowspan><colspan>1</colspan><uiComponent class="org.openremote.modeler.domain.component.UIImage"><oid>223</oid><imageSource><oid>0</oid><src>image/OpenRemote.Logo.30x32.png</src></imageSource><sensorDTO><displayName>ButonStatusCustom</displayName><type>CUSTOM</type><commandName>ButtonStatus (BUTTON TEST)</commandName><stateNames><string>ON</string><string>OFF</string></stateNames><oid>151179</oid></sensorDTO><label><oid>259</oid><text>Label Text</text><color>FFFFFF</color><fontSize>14</fontSize><sensorDTO><displayName>RGB_Status</displayName><type>CUSTOM</type><commandName>RGB_Status (STUARTLED)</commandName><stateNames></stateNames><oid>151189</oid></sensorDTO><sensorLink><oid>0</oid><sensorDTO reference="../../sensorDTO"></sensorDTO><linkerChildren></linkerChildren></sensorLink></label><sensorLink><oid>0</oid><sensorDTO reference="../../sensorDTO"></sensorDTO><linkerChildren></linkerChildren></sensorLink></uiComponent></org.openremote.modeler.domain.Cell></cells></org.openremote.modeler.domain.component.UIGrid></grids><touchPanelDefinition reference="../../../../screenPair/screen/portraitScreen/touchPanelDefinition"></touchPanelDefinition><background><oid>0</oid><imageSource><oid>0</oid><src></src></imageSource><fillScreen>true</fillScreen><absolute>false</absolute><left>0</left><top>0</top><width>0</width><height>0</height><relatedType>TOP_LEFT</relatedType></background><gestures></gestures><hasTabbar>false</hasTabbar><isLandscape>false</isLandscape><inverseScreenId>0</inverseScreenId><screenPair reference="../.."></screenPair></portraitScreen><touchPanelDefinition reference="../../../screenPair/screen/portraitScreen/touchPanelDefinition"></touchPanelDefinition><parentGroup reference="../../../.."></parentGroup></screen><group reference="../../.."></group><touchPanelDefinition reference="../../screenPair/screen/portraitScreen/touchPanelDefinition"></touchPanelDefinition></screenPair><screenPair><oid>0</oid><screen><oid>191</oid><refCount>1</refCount><orientation>PORTRAIT</orientation><portraitScreen><oid>190</oid><name>G1S5 - Sliders</name><absolutes><absolute><oid>228</oid><left>20</left><top>10</top><width>280</width><height>40</height><uiComponent class="org.openremote.modeler.domain.component.UISlider"><oid>229</oid><vertical>false</vertical><thumbImage><oid>0</oid><src>./resources/images/custom/slider/thumb.png</src></thumbImage><minImage><oid>0</oid><src>./resources/images/custom/slider/min.png</src></minImage><minTrackImage><oid>0</oid><src>./resources/images/custom/slider/minTrack.png</src></minTrackImage><maxImage><oid>0</oid><src>./resources/images/custom/slider/max.png</src></maxImage><maxTrackImage><oid>0</oid><src>./resources/images/custom/slider/maxTrack.png</src></maxTrackImage><sliderDTO><displayName>Slider</displayName><commandName>Slider Set (SLIDER TEST)</commandName><sensorName>Slider</sensorName><deviceName>SLIDER TEST</deviceName><oid>104308</oid></sliderDTO></uiComponent></absolute><absolute><oid>226</oid><left>135</left><top>55</top><width>50</width><height>150</height><uiComponent class="org.openremote.modeler.domain.component.UISlider"><oid>227</oid><vertical>true</vertical><thumbImage><oid>0</oid><src>modeler_tmp/391/ROTATEthumb.png</src></thumbImage><minImage><oid>0</oid><src>modeler_tmp/391/ROTATEmin.png</src></minImage><minTrackImage><oid>0</oid><src>modeler_tmp/391/ROTATEminTrack.png</src></minTrackImage><maxImage><oid>0</oid><src>modeler_tmp/391/ROTATEmax.png</src></maxImage><maxTrackImage><oid>0</oid><src>modeler_tmp/391/ROTATEmaxTrack.png</src></maxTrackImage><sliderDTO><displayName>Slider</displayName><commandName>Slider Set (SLIDER TEST)</commandName><sensorName>Slider</sensorName><deviceName>SLIDER TEST</deviceName><oid>104308</oid></sliderDTO></uiComponent></absolute></absolutes><grids><org.openremote.modeler.domain.component.UIGrid><oid>0</oid><left>60</left><top>220</top><width>200</width><height>200</height><rowCount>2</rowCount><columnCount>1</columnCount><cells><org.openremote.modeler.domain.Cell><oid>230</oid><posX>0</posX><posY>0</posY><rowspan>1</rowspan><colspan>1</colspan><uiComponent class="org.openremote.modeler.domain.component.UISlider"><oid>231</oid><vertical>false</vertical><thumbImage><oid>0</oid><src>./resources/images/custom/slider/thumb.png</src></thumbImage><minImage><oid>0</oid><src>./resources/images/custom/slider/min.png</src></minImage><minTrackImage><oid>0</oid><src>./resources/images/custom/slider/minTrack.png</src></minTrackImage><maxImage><oid>0</oid><src>./resources/images/custom/slider/max.png</src></maxImage><maxTrackImage><oid>0</oid><src>./resources/images/custom/slider/maxTrack.png</src></maxTrackImage><sliderDTO><displayName>Slider</displayName><commandName>Slider Set (SLIDER TEST)</commandName><sensorName>Slider</sensorName><deviceName>SLIDER TEST</deviceName><oid>104308</oid></sliderDTO></uiComponent></org.openremote.modeler.domain.Cell><org.openremote.modeler.domain.Cell><oid>232</oid><posX>0</posX><posY>1</posY><rowspan>1</rowspan><colspan>1</colspan><uiComponent class="org.openremote.modeler.domain.component.UISlider"><oid>233</oid><vertical>false</vertical><thumbImage><oid>0</oid><src>./resources/images/custom/slider/thumb.png</src></thumbImage><minImage><oid>0</oid><src>./resources/images/custom/slider/min.png</src></minImage><minTrackImage><oid>0</oid><src>./resources/images/custom/slider/minTrack.png</src></minTrackImage><maxImage><oid>0</oid><src>./resources/images/custom/slider/max.png</src></maxImage><maxTrackImage><oid>0</oid><src>./resources/images/custom/slider/maxTrack.png</src></maxTrackImage><sliderDTO><displayName>Slider</displayName><commandName>Slider Set (SLIDER TEST)</commandName><sensorName>Slider</sensorName><deviceName>SLIDER TEST</deviceName><oid>104308</oid></sliderDTO></uiComponent></org.openremote.modeler.domain.Cell></cells></org.openremote.modeler.domain.component.UIGrid></grids><touchPanelDefinition reference="../../../../screenPair/screen/portraitScreen/touchPanelDefinition"></touchPanelDefinition><background><oid>0</oid><imageSource><oid>0</oid><src></src></imageSource><fillScreen>true</fillScreen><absolute>false</absolute><left>0</left><top>0</top><width>0</width><height>0</height><relatedType>TOP_LEFT</relatedType></background><gestures></gestures><hasTabbar>false</hasTabbar><isLandscape>false</isLandscape><inverseScreenId>0</inverseScreenId><screenPair reference="../.."></screenPair></portraitScreen><touchPanelDefinition reference="../../../screenPair/screen/portraitScreen/touchPanelDefinition"></touchPanelDefinition><parentGroup reference="../../../.."></parentGroup></screen><group reference="../../.."></group><touchPanelDefinition reference="../../screenPair/screen/portraitScreen/touchPanelDefinition"></touchPanelDefinition></screenPair></screenRefs><tabbarItems></tabbarItems><parentPanel reference="../../../.."></parentPanel></group><panel reference="../../.."></panel></group><group><oid>0</oid><group><oid>166</oid><refCount>1</refCount><name>G2</name><screenRefs><screenPair><oid>0</oid><screen><oid>179</oid><refCount>1</refCount><orientation>PORTRAIT</orientation><portraitScreen><oid>178</oid><name>G2S1 - ColorPicker</name><absolutes><absolute><oid>234</oid><left>60</left><top>20</top><width>200</width><height>200</height><uiComponent class="org.openremote.modeler.domain.component.ColorPicker"><oid>235</oid><image><oid>0</oid><src>modeler_tmp/391/color.wheel.220X223.png</src></image><uiCommandDTO class="org.openremote.modeler.shared.dto.DeviceCommandDTO"><displayName>RGB</displayName><fullyQualifiedName>RGB (COLOR TEST)</fullyQualifiedName><protocolType>In-memory Virtual Command</protocolType><oid>429005</oid></uiCommandDTO></uiComponent></absolute></absolutes><grids><org.openremote.modeler.domain.component.UIGrid><oid>0</oid><left>60</left><top>220</top><width>200</width><height>200</height><rowCount>2</rowCount><columnCount>1</columnCount><cells><org.openremote.modeler.domain.Cell><oid>236</oid><posX>0</posX><posY>0</posY><rowspan>1</rowspan><colspan>1</colspan><uiComponent class="org.openremote.modeler.domain.component.ColorPicker"><oid>237</oid><image><oid>0</oid><src>image/color.wheel.220X223.png</src></image></uiComponent></org.openremote.modeler.domain.Cell><org.openremote.modeler.domain.Cell><oid>238</oid><posX>0</posX><posY>1</posY><rowspan>1</rowspan><colspan>1</colspan><uiComponent class="org.openremote.modeler.domain.component.ColorPicker"><oid>239</oid><image><oid>0</oid><src>image/color.wheel.220X223.png</src></image></uiComponent></org.openremote.modeler.domain.Cell></cells></org.openremote.modeler.domain.component.UIGrid></grids><touchPanelDefinition reference="../../../../../../../group/group/screenRefs/screenPair/screen/portraitScreen/touchPanelDefinition"></touchPanelDefinition><background><oid>0</oid><imageSource><oid>0</oid><src></src></imageSource><fillScreen>true</fillScreen><absolute>false</absolute><left>0</left><top>0</top><width>0</width><height>0</height><relatedType>TOP_LEFT</relatedType></background><gestures></gestures><hasTabbar>false</hasTabbar><isLandscape>false</isLandscape><inverseScreenId>0</inverseScreenId><screenPair reference="../.."></screenPair></portraitScreen><touchPanelDefinition reference="../../../../../../group/group/screenRefs/screenPair/screen/portraitScreen/touchPanelDefinition"></touchPanelDefinition><parentGroup reference="../../../.."></parentGroup></screen><group reference="../../.."></group><touchPanelDefinition reference="../../../../../group/group/screenRefs/screenPair/screen/portraitScreen/touchPanelDefinition"></touchPanelDefinition></screenPair><screenPair><oid>0</oid><screen><oid>197</oid><refCount>1</refCount><orientation>PORTRAIT</orientation><portraitScreen><oid>196</oid><name>G2S2 - Mixed</name><absolutes><absolute><oid>246</oid><left>20</left><top>10</top><width>280</width><height>50</height><uiComponent class="org.openremote.modeler.domain.component.UILabel"><oid>247</oid><text>Toggle Switch Below twice to Stop Test</text><color>FFFFFF</color><fontSize>12</fontSize></uiComponent></absolute><absolute><oid>248</oid><left>20</left><top>60</top><width>280</width><height>50</height><uiComponent class="org.openremote.modeler.domain.component.UIImage"><oid>249</oid><imageSource><oid>0</oid><src>image/OpenRemote.Logo.30x32.png</src></imageSource></uiComponent></absolute><absolute><oid>250</oid><left>20</left><top>110</top><width>280</width><height>50</height><uiComponent class="org.openremote.modeler.domain.component.UIButton"><oid>251</oid><name>Button</name><repeate>false</repeate><navigate><oid>0</oid><toScreen>-1</toScreen><toGroup>-1</toGroup></navigate></uiComponent></absolute><absolute><oid>252</oid><left>20</left><top>160</top><width>280</width><height>50</height><uiComponent class="org.openremote.modeler.domain.component.UISwitch"><oid>253</oid><onImage><oid>0</oid><src>modeler_tmp/391/testend.1.png</src></onImage><offImage><oid>0</oid><src>modeler_tmp/391/testend.1.png</src></offImage><switchDTO><displayName>SWITCH TEST</displayName><onCommandName>SWITCH TEST ON (SWITCH TEST)</onCommandName><offCommandName>SWITCH TEST OFF (SWITCH TEST)</offCommandName><sensorName>SWITCH TEST</sensorName><deviceName>SWITCH TEST</deviceName><oid>39704</oid></switchDTO></uiComponent></absolute></absolutes><grids><org.openremote.modeler.domain.component.UIGrid><oid>0</oid><left>60</left><top>220</top><width>200</width><height>200</height><rowCount>2</rowCount><columnCount>1</columnCount><cells><org.openremote.modeler.domain.Cell><oid>254</oid><posX>0</posX><posY>0</posY><rowspan>1</rowspan><colspan>1</colspan><uiComponent class="org.openremote.modeler.domain.component.UISlider"><oid>255</oid><vertical>false</vertical><thumbImage><oid>0</oid><src>./resources/images/custom/slider/thumb.png</src></thumbImage><minImage><oid>0</oid><src>./resources/images/custom/slider/min.png</src></minImage><minTrackImage><oid>0</oid><src>./resources/images/custom/slider/minTrack.png</src></minTrackImage><maxImage><oid>0</oid><src>./resources/images/custom/slider/max.png</src></maxImage><maxTrackImage><oid>0</oid><src>./resources/images/custom/slider/maxTrack.png</src></maxTrackImage></uiComponent></org.openremote.modeler.domain.Cell><org.openremote.modeler.domain.Cell><oid>256</oid><posX>0</posX><posY>1</posY><rowspan>1</rowspan><colspan>1</colspan><uiComponent class="org.openremote.modeler.domain.component.ColorPicker"><oid>257</oid><image><oid>0</oid><src>image/color.wheel.220X223.png</src></image></uiComponent></org.openremote.modeler.domain.Cell></cells></org.openremote.modeler.domain.component.UIGrid></grids><touchPanelDefinition reference="../../../../../../../group/group/screenRefs/screenPair/screen/portraitScreen/touchPanelDefinition"></touchPanelDefinition><background><oid>0</oid><imageSource><oid>0</oid><src></src></imageSource><fillScreen>true</fillScreen><absolute>false</absolute><left>0</left><top>0</top><width>0</width><height>0</height><relatedType>TOP_LEFT</relatedType></background><gestures></gestures><hasTabbar>false</hasTabbar><isLandscape>false</isLandscape><inverseScreenId>0</inverseScreenId><screenPair reference="../.."></screenPair></portraitScreen><touchPanelDefinition reference="../../../../../../group/group/screenRefs/screenPair/screen/portraitScreen/touchPanelDefinition"></touchPanelDefinition><parentGroup reference="../../../.."></parentGroup></screen><group reference="../../.."></group><touchPanelDefinition reference="../../../../../group/group/screenRefs/screenPair/screen/portraitScreen/touchPanelDefinition"></touchPanelDefinition></screenPair></screenRefs><tabbarItems></tabbarItems><tabbar><oid>0</oid><tabbarItems><org.openremote.modeler.domain.component.UITabbarItem><oid>0</oid><name>TI1 - NavG1S1</name><navigate><oid>0</oid><toScreen>78</toScreen><toGroup>77</toGroup></navigate></org.openremote.modeler.domain.component.UITabbarItem></tabbarItems><scope>GROUP</scope></tabbar><parentPanel reference="../../../.."></parentPanel></group><panel reference="../../.."></panel></group></groupRefs><tabbarItems></tabbarItems><touchPanelDefinition reference="../groupRefs/group/group/screenRefs/screenPair/screen/portraitScreen/touchPanelDefinition"></touchPanelDefinition><tabbar><oid>0</oid><tabbarItems><org.openremote.modeler.domain.component.UITabbarItem><oid>0</oid><name>TI1 - G1S1L</name><navigate><oid>0</oid><toScreen>80</toScreen><toGroup>77</toGroup></navigate></org.openremote.modeler.domain.component.UITabbarItem><org.openremote.modeler.domain.component.UITabbarItem><oid>0</oid><name>TI2 - NavG2</name><image><oid>0</oid><src>modeler_tmp/391/home.png</src></image><navigate><oid>0</oid><toScreen>-1</toScreen><toGroup>166</toGroup></navigate></org.openremote.modeler.domain.component.UITabbarItem><org.openremote.modeler.domain.component.UITabbarItem><oid>0</oid><name>TI3 - ActLogout</name><image><oid>0</oid><src>modeler_tmp/391/OpenRemote.Logo.30x32.png</src></image><navigate><oid>0</oid><toScreen>-1</toScreen><toGroup>-1</toGroup><toLogical>logout</toLogical></navigate></org.openremote.modeler.domain.component.UITabbarItem></tabbarItems><scope>PANEL</scope></tabbar></panel><panel><oid>143</oid><name>RGB</name><groupRefs><group><oid>0</oid><group><oid>144</oid><refCount>1</refCount><name>Default Group</name><screenRefs><screenPair><oid>0</oid><screen><oid>146</oid><refCount>1</refCount><orientation>PORTRAIT</orientation><portraitScreen><oid>145</oid><name>Starting Screen</name><absolutes><absolute><oid>147</oid><left>44</left><top>9</top><width>220</width><height>223</height><uiComponent class="org.openremote.modeler.domain.component.ColorPicker"><oid>148</oid><image><oid>0</oid><src>image/color.wheel.220X223.png</src></image><uiCommandDTO class="org.openremote.modeler.shared.dto.DeviceCommandDTO"><displayName>RGB</displayName><fullyQualifiedName>RGB (COLOR TEST)</fullyQualifiedName><protocolType>In-memory Virtual Command</protocolType><oid>429005</oid></uiCommandDTO></uiComponent></absolute></absolutes><grids><org.openremote.modeler.domain.component.UIGrid><oid>0</oid><left>54</left><top>253</top><width>200</width><height>200</height><rowCount>4</rowCount><columnCount>2</columnCount><cells><org.openremote.modeler.domain.Cell><oid>151</oid><posX>1</posX><posY>0</posY><rowspan>1</rowspan><colspan>1</colspan><uiComponent class="org.openremote.modeler.domain.component.UILabel"><oid>150</oid><text>Label Text</text><color>FFFFFF</color><fontSize>14</fontSize><sensorDTO><displayName>RGB_Status</displayName><type>CUSTOM</type><commandName>RGB_Status (COLOR TEST)</commandName><stateNames></stateNames><oid>151189</oid></sensorDTO><sensorLink><oid>0</oid><sensorDTO reference="../../sensorDTO"></sensorDTO><linkerChildren></linkerChildren></sensorLink></uiComponent></org.openremote.modeler.domain.Cell><org.openremote.modeler.domain.Cell><oid>152</oid><posX>0</posX><posY>0</posY><rowspan>1</rowspan><colspan>1</colspan><uiComponent class="org.openremote.modeler.domain.component.UILabel"><oid>153</oid><text>RGB</text><color>FFFFFF</color><fontSize>14</fontSize></uiComponent></org.openremote.modeler.domain.Cell><org.openremote.modeler.domain.Cell><oid>154</oid><posX>0</posX><posY>1</posY><rowspan>1</rowspan><colspan>1</colspan><uiComponent class="org.openremote.modeler.domain.component.UILabel"><oid>155</oid><text>Red</text><color>FFFFFF</color><fontSize>14</fontSize></uiComponent></org.openremote.modeler.domain.Cell><org.openremote.modeler.domain.Cell><oid>156</oid><posX>0</posX><posY>2</posY><rowspan>1</rowspan><colspan>1</colspan><uiComponent class="org.openremote.modeler.domain.component.UILabel"><oid>157</oid><text>Green</text><color>FFFFFF</color><fontSize>14</fontSize></uiComponent></org.openremote.modeler.domain.Cell><org.openremote.modeler.domain.Cell><oid>158</oid><posX>0</posX><posY>3</posY><rowspan>1</rowspan><colspan>1</colspan><uiComponent class="org.openremote.modeler.domain.component.UILabel"><oid>159</oid><text>Blue</text><color>FFFFFF</color><fontSize>14</fontSize></uiComponent></org.openremote.modeler.domain.Cell><org.openremote.modeler.domain.Cell><oid>160</oid><posX>1</posX><posY>1</posY><rowspan>1</rowspan><colspan>1</colspan><uiComponent class="org.openremote.modeler.domain.component.UILabel"><oid>161</oid><text>Label Text</text><color>FFFFFF</color><fontSize>14</fontSize><sensorDTO><displayName>RedStatus</displayName><type>CUSTOM</type><commandName>Red_Status (COLOR TEST)</commandName><stateNames></stateNames><oid>151190</oid></sensorDTO><sensorLink><oid>0</oid><sensorDTO reference="../../sensorDTO"></sensorDTO><linkerChildren></linkerChildren></sensorLink></uiComponent></org.openremote.modeler.domain.Cell><org.openremote.modeler.domain.Cell><oid>162</oid><posX>1</posX><posY>2</posY><rowspan>1</rowspan><colspan>1</colspan><uiComponent class="org.openremote.modeler.domain.component.UILabel"><oid>163</oid><text>Label Text</text><color>FFFFFF</color><fontSize>14</fontSize><sensorDTO><displayName>GreenStatus</displayName><type>CUSTOM</type><commandName>Green_Status (COLOR TEST)</commandName><stateNames></stateNames><oid>151187</oid></sensorDTO><sensorLink><oid>0</oid><sensorDTO reference="../../sensorDTO"></sensorDTO><linkerChildren></linkerChildren></sensorLink></uiComponent></org.openremote.modeler.domain.Cell><org.openremote.modeler.domain.Cell><oid>164</oid><posX>1</posX><posY>3</posY><rowspan>1</rowspan><colspan>1</colspan><uiComponent class="org.openremote.modeler.domain.component.UILabel"><oid>165</oid><text>Label Text</text><color>FFFFFF</color><fontSize>14</fontSize><sensorDTO><displayName>BlueStatus</displayName><type>CUSTOM</type><commandName>Blue_Status (COLOR TEST)</commandName><stateNames></stateNames><oid>151188</oid></sensorDTO><sensorLink><oid>0</oid><sensorDTO reference="../../sensorDTO"></sensorDTO><linkerChildren></linkerChildren></sensorLink></uiComponent></org.openremote.modeler.domain.Cell></cells></org.openremote.modeler.domain.component.UIGrid></grids><touchPanelDefinition><type>iPhone</type><name>iPhone</name><bgImage>resources/images/iphone_background.png</bgImage><width>414</width><height>770</height><paddingLeft>47</paddingLeft><paddingTop>139</paddingTop><canvas><width>320</width><height>480</height></canvas><tabbarDefinition><height>44</height><background><oid>0</oid><src>resources/images/iphone_tabbar_bg.png</src></background></tabbarDefinition></touchPanelDefinition><background><oid>0</oid><imageSource><oid>0</oid><src></src></imageSource><fillScreen>true</fillScreen><absolute>false</absolute><left>0</left><top>0</top><width>0</width><height>0</height><relatedType>TOP_LEFT</relatedType></background><gestures></gestures><hasTabbar>false</hasTabbar><isLandscape>false</isLandscape><inverseScreenId>0</inverseScreenId><screenPair reference="../.."></screenPair></portraitScreen><touchPanelDefinition reference="../portraitScreen/touchPanelDefinition"></touchPanelDefinition><parentGroup reference="../../../.."></parentGroup></screen><group reference="../../.."></group><touchPanelDefinition reference="../screen/portraitScreen/touchPanelDefinition"></touchPanelDefinition></screenPair></screenRefs><tabbarItems></tabbarItems><parentPanel reference="../../../.."></parentPanel></group><panel reference="../../.."></panel></group></groupRefs><tabbarItems></tabbarItems><touchPanelDefinition reference="../groupRefs/group/group/screenRefs/screenPair/screen/portraitScreen/touchPanelDefinition"></touchPanelDefinition></panel><panel><oid>51</oid><name>panel1</name><groupRefs><group><oid>0</oid><group><oid>52</oid><refCount>1</refCount><name>Default Group</name><screenRefs><screenPair><oid>0</oid><screen><oid>54</oid><refCount>1</refCount><orientation>PORTRAIT</orientation><portraitScreen><oid>53</oid><name>Starting Screen</name><absolutes><absolute><oid>70</oid><left>19</left><top>179</top><width>256</width><height>44</height><uiComponent class="org.openremote.modeler.domain.component.UISlider"><oid>71</oid><vertical>false</vertical><thumbImage><oid>0</oid><src>./resources/images/custom/slider/thumb.png</src></thumbImage><minImage><oid>0</oid><src>./resources/images/custom/slider/min.png</src></minImage><minTrackImage><oid>0</oid><src>./resources/images/custom/slider/minTrack.png</src></minTrackImage><maxImage><oid>0</oid><src>./resources/images/custom/slider/max.png</src></maxImage><maxTrackImage><oid>0</oid><src>./resources/images/custom/slider/maxTrack.png</src></maxTrackImage><sliderDTO><displayName>Slider</displayName><commandName>Slider Set (SLIDER TEST)</commandName><sensorName>Slider</sensorName><deviceName>SLIDER TEST</deviceName><oid>104308</oid></sliderDTO></uiComponent></absolute><absolute><oid>91</oid><left>36</left><top>55</top><width>50</width><height>50</height><uiComponent class="org.openremote.modeler.domain.component.UIButton"><oid>92</oid><name>Button</name><repeate>false</repeate><navigate><oid>0</oid><toScreen>-1</toScreen><toGroup>-1</toGroup></navigate></uiComponent></absolute><absolute><oid>93</oid><left>136</left><top>59</top><width>50</width><height>50</height><uiComponent class="org.openremote.modeler.domain.component.UISwitch"><oid>94</oid></uiComponent></absolute><absolute><oid>95</oid><left>103</left><top>120</top><width>30</width><height>32</height><uiComponent class="org.openremote.modeler.domain.component.UIImage"><oid>96</oid><imageSource><oid>0</oid><src>image/OpenRemote.Logo.30x32.png</src></imageSource></uiComponent></absolute></absolutes><grids></grids><touchPanelDefinition><type>Custom</type><name>Custom</name><width>320</width><height>520</height><paddingLeft>0</paddingLeft><paddingTop>0</paddingTop><canvas><width>300</width><height>500</height></canvas><horizontalDefinition><type>Custom</type><name>Custom</name><width>520</width><height>320</height><paddingLeft>0</paddingLeft><paddingTop>20</paddingTop><canvas><width>500</width><height>300</height></canvas><tabbarDefinition><height>44</height><background><oid>0</oid><src>resources/images/iphone_tabbar_bg.png</src></background></tabbarDefinition></horizontalDefinition><tabbarDefinition reference="../horizontalDefinition/tabbarDefinition"></tabbarDefinition></touchPanelDefinition><background><oid>0</oid><imageSource><oid>0</oid><src>modeler_tmp/391/home.png</src></imageSource><fillScreen>false</fillScreen><absolute>true</absolute><left>100</left><top>0</top><width>0</width><height>0</height><relatedType>TOP_LEFT</relatedType></background><gestures></gestures><hasTabbar>false</hasTabbar><isLandscape>false</isLandscape><inverseScreenId>0</inverseScreenId><screenPair reference="../.."></screenPair></portraitScreen><touchPanelDefinition reference="../portraitScreen/touchPanelDefinition"></touchPanelDefinition><parentGroup reference="../../../.."></parentGroup></screen><group reference="../../.."></group><touchPanelDefinition reference="../screen/portraitScreen/touchPanelDefinition"></touchPanelDefinition></screenPair></screenRefs><tabbarItems></tabbarItems><parentPanel reference="../../../.."></parentPanel></group><panel reference="../../.."></panel></group></groupRefs><tabbarItems></tabbarItems><touchPanelDefinition reference="../groupRefs/group/group/screenRefs/screenPair/screen/portraitScreen/touchPanelDefinition"></touchPanelDefinition></panel><panel><oid>97</oid><name>velbus</name><groupRefs><group><oid>0</oid><group><oid>98</oid><refCount>1</refCount><name>Default Group</name><screenRefs><screenPair><oid>0</oid><screen><oid>100</oid><refCount>1</refCount><orientation>PORTRAIT</orientation><portraitScreen><oid>99</oid><name>Starting Screen</name><absolutes><absolute><oid>101</oid><left>80</left><top>0</top><width>150</width><height>50</height><uiComponent class="org.openremote.modeler.domain.component.UILabel"><oid>102</oid><text>VMB7IN (Add. 10)</text><color>FFFFFF</color><fontSize>14</fontSize></uiComponent></absolute></absolutes><grids><org.openremote.modeler.domain.component.UIGrid><oid>0</oid><left>5</left><top>80</top><width>310</width><height>400</height><rowCount>6</rowCount><columnCount>3</columnCount><cells><org.openremote.modeler.domain.Cell><oid>105</oid><posX>0</posX><posY>0</posY><rowspan>1</rowspan><colspan>1</colspan><uiComponent class="org.openremote.modeler.domain.component.UILabel"><oid>106</oid><text>Counter1</text><color>FFFFFF</color><fontSize>14</fontSize></uiComponent></org.openremote.modeler.domain.Cell><org.openremote.modeler.domain.Cell><oid>107</oid><posX>0</posX><posY>1</posY><rowspan>1</rowspan><colspan>1</colspan><uiComponent class="org.openremote.modeler.domain.component.UILabel"><oid>108</oid><text>Counter 1 Instant</text><color>FFFFFF</color><fontSize>14</fontSize></uiComponent></org.openremote.modeler.domain.Cell><org.openremote.modeler.domain.Cell><oid>109</oid><posX>0</posX><posY>2</posY><rowspan>1</rowspan><colspan>1</colspan><uiComponent class="org.openremote.modeler.domain.component.UILabel"><oid>110</oid><text>Counter 2</text><color>FFFFFF</color><fontSize>14</fontSize></uiComponent></org.openremote.modeler.domain.Cell><org.openremote.modeler.domain.Cell><oid>111</oid><posX>0</posX><posY>3</posY><rowspan>1</rowspan><colspan>1</colspan><uiComponent class="org.openremote.modeler.domain.component.UILabel"><oid>112</oid><text>Counter 2 Instant</text><color>FFFFFF</color><fontSize>14</fontSize></uiComponent></org.openremote.modeler.domain.Cell><org.openremote.modeler.domain.Cell><oid>113</oid><posX>0</posX><posY>4</posY><rowspan>1</rowspan><colspan>1</colspan><uiComponent class="org.openremote.modeler.domain.component.UILabel"><oid>114</oid><text>Counter 3</text><color>FFFFFF</color><fontSize>14</fontSize></uiComponent></org.openremote.modeler.domain.Cell><org.openremote.modeler.domain.Cell><oid>115</oid><posX>0</posX><posY>5</posY><rowspan>1</rowspan><colspan>1</colspan><uiComponent class="org.openremote.modeler.domain.component.UILabel"><oid>116</oid><text>Counter 3 Instant</text><color>FFFFFF</color><fontSize>14</fontSize></uiComponent></org.openremote.modeler.domain.Cell><org.openremote.modeler.domain.Cell><oid>117</oid><posX>1</posX><posY>0</posY><rowspan>1</rowspan><colspan>1</colspan><uiComponent class="org.openremote.modeler.domain.component.UILabel"><oid>118</oid><text>Label Text</text><color>FFFFFF</color><fontSize>14</fontSize><sensorDTO><displayName>Counter1</displayName><type>CUSTOM</type><commandName>COUNTER1 (VELBUS)</commandName><stateNames></stateNames><oid>151184</oid></sensorDTO><sensorLink><oid>0</oid><sensorDTO reference="../../sensorDTO"></sensorDTO><linkerChildren></linkerChildren></sensorLink></uiComponent></org.openremote.modeler.domain.Cell><org.openremote.modeler.domain.Cell><oid>119</oid><posX>1</posX><posY>1</posY><rowspan>1</rowspan><colspan>1</colspan><uiComponent class="org.openremote.modeler.domain.component.UILabel"><oid>120</oid><text>Label Text</text><color>FFFFFF</color><fontSize>14</fontSize><sensorDTO><displayName>CounterInstant1</displayName><type>CUSTOM</type><commandName>COUNTER1_INSTANT (VELBUS)</commandName><stateNames></stateNames><oid>151181</oid></sensorDTO><sensorLink><oid>0</oid><sensorDTO reference="../../sensorDTO"></sensorDTO><linkerChildren></linkerChildren></sensorLink></uiComponent></org.openremote.modeler.domain.Cell><org.openremote.modeler.domain.Cell><oid>121</oid><posX>1</posX><posY>2</posY><rowspan>1</rowspan><colspan>1</colspan><uiComponent class="org.openremote.modeler.domain.component.UILabel"><oid>122</oid><text>Label Text</text><color>FFFFFF</color><fontSize>14</fontSize><sensorDTO><displayName>Counter2</displayName><type>CUSTOM</type><commandName>COUNTER2 (VELBUS)</commandName><stateNames></stateNames><oid>151186</oid></sensorDTO><sensorLink><oid>0</oid><sensorDTO reference="../../sensorDTO"></sensorDTO><linkerChildren></linkerChildren></sensorLink></uiComponent></org.openremote.modeler.domain.Cell><org.openremote.modeler.domain.Cell><oid>123</oid><posX>1</posX><posY>3</posY><rowspan>1</rowspan><colspan>1</colspan><uiComponent class="org.openremote.modeler.domain.component.UILabel"><oid>124</oid><text>Label Text</text><color>FFFFFF</color><fontSize>14</fontSize><sensorDTO><displayName>CounterInstant2</displayName><type>CUSTOM</type><commandName>COUNTER2_INSTANT (VELBUS)</commandName><stateNames></stateNames><oid>151183</oid></sensorDTO><sensorLink><oid>0</oid><sensorDTO reference="../../sensorDTO"></sensorDTO><linkerChildren></linkerChildren></sensorLink></uiComponent></org.openremote.modeler.domain.Cell><org.openremote.modeler.domain.Cell><oid>125</oid><posX>1</posX><posY>4</posY><rowspan>1</rowspan><colspan>1</colspan><uiComponent class="org.openremote.modeler.domain.component.UILabel"><oid>126</oid><text>Label Text</text><color>FFFFFF</color><fontSize>14</fontSize><sensorDTO><displayName>Counter3</displayName><type>CUSTOM</type><commandName>COUNTER3 (VELBUS)</commandName><stateNames></stateNames><oid>151182</oid></sensorDTO><sensorLink><oid>0</oid><sensorDTO reference="../../sensorDTO"></sensorDTO><linkerChildren></linkerChildren></sensorLink></uiComponent></org.openremote.modeler.domain.Cell><org.openremote.modeler.domain.Cell><oid>127</oid><posX>1</posX><posY>5</posY><rowspan>1</rowspan><colspan>1</colspan><uiComponent class="org.openremote.modeler.domain.component.UILabel"><oid>128</oid><text>Label Text</text><color>FFFFFF</color><fontSize>14</fontSize><sensorDTO><displayName>CounterInstant3</displayName><type>CUSTOM</type><commandName>COUNTER3_INSTANT (VELBUS)</commandName><stateNames></stateNames><oid>151185</oid></sensorDTO><sensorLink><oid>0</oid><sensorDTO reference="../../sensorDTO"></sensorDTO><linkerChildren></linkerChildren></sensorLink></uiComponent></org.openremote.modeler.domain.Cell><org.openremote.modeler.domain.Cell><oid>129</oid><posX>2</posX><posY>0</posY><rowspan>1</rowspan><colspan>1</colspan><uiComponent class="org.openremote.modeler.domain.component.UILabel"><oid>130</oid><text>KWh</text><color>FFFFFF</color><fontSize>14</fontSize></uiComponent></org.openremote.modeler.domain.Cell><org.openremote.modeler.domain.Cell><oid>131</oid><posX>2</posX><posY>1</posY><rowspan>1</rowspan><colspan>1</colspan><uiComponent class="org.openremote.modeler.domain.component.UILabel"><oid>132</oid><text>W</text><color>FFFFFF</color><fontSize>14</fontSize></uiComponent></org.openremote.modeler.domain.Cell><org.openremote.modeler.domain.Cell><oid>133</oid><posX>2</posX><posY>2</posY><rowspan>1</rowspan><colspan>1</colspan><uiComponent class="org.openremote.modeler.domain.component.UILabel"><oid>134</oid><text>m3</text><color>FFFFFF</color><fontSize>14</fontSize></uiComponent></org.openremote.modeler.domain.Cell><org.openremote.modeler.domain.Cell><oid>135</oid><posX>2</posX><posY>3</posY><rowspan>1</rowspan><colspan>1</colspan><uiComponent class="org.openremote.modeler.domain.component.UILabel"><oid>136</oid><text>m3/h</text><color>FFFFFF</color><fontSize>14</fontSize></uiComponent></org.openremote.modeler.domain.Cell><org.openremote.modeler.domain.Cell><oid>137</oid><posX>2</posX><posY>4</posY><rowspan>1</rowspan><colspan>1</colspan><uiComponent class="org.openremote.modeler.domain.component.UILabel"><oid>138</oid><text>L</text><color>FFFFFF</color><fontSize>14</fontSize></uiComponent></org.openremote.modeler.domain.Cell><org.openremote.modeler.domain.Cell><oid>141</oid><posX>2</posX><posY>5</posY><rowspan>1</rowspan><colspan>1</colspan><uiComponent class="org.openremote.modeler.domain.component.UILabel"><oid>142</oid><text>L/h</text><color>FFFFFF</color><fontSize>14</fontSize></uiComponent></org.openremote.modeler.domain.Cell></cells></org.openremote.modeler.domain.component.UIGrid></grids><touchPanelDefinition><type>iPhone</type><name>iPhone</name><bgImage>resources/images/iphone_background.png</bgImage><width>414</width><height>770</height><paddingLeft>47</paddingLeft><paddingTop>139</paddingTop><canvas><width>320</width><height>480</height></canvas><tabbarDefinition><height>44</height><background><oid>0</oid><src>resources/images/iphone_tabbar_bg.png</src></background></tabbarDefinition></touchPanelDefinition><background><oid>0</oid><imageSource><oid>0</oid><src></src></imageSource><fillScreen>true</fillScreen><absolute>false</absolute><left>0</left><top>0</top><width>0</width><height>0</height><relatedType>TOP_LEFT</relatedType></background><gestures></gestures><hasTabbar>false</hasTabbar><isLandscape>false</isLandscape><inverseScreenId>0</inverseScreenId><screenPair reference="../.."></screenPair></portraitScreen><touchPanelDefinition reference="../portraitScreen/touchPanelDefinition"></touchPanelDefinition><parentGroup reference="../../../.."></parentGroup></screen><group reference="../../.."></group><touchPanelDefinition reference="../screen/portraitScreen/touchPanelDefinition"></touchPanelDefinition></screenPair></screenRefs><tabbarItems></tabbarItems><parentPanel reference="../../../.."></parentPanel></group><panel reference="../../.."></panel></group></groupRefs><tabbarItems></tabbarItems><touchPanelDefinition reference="../groupRefs/group/group/screenRefs/screenPair/screen/portraitScreen/touchPanelDefinition"></touchPanelDefinition></panel></panels><maxOid>265</maxOid></org.openremote.modeler.client.utils.PanelsAndMaxOid>